-- MySQL dump 10.13  Distrib 8.0.44, for Win64 (x86_64)
--
-- Host: 127.0.0.1    Database: simucircuit_db
-- ------------------------------------------------------
-- Server version	8.0.44

/*!40101 SET @OLD_CHARACTER_SET_CLIENT=@@CHARACTER_SET_CLIENT */;
/*!40101 SET @OLD_CHARACTER_SET_RESULTS=@@CHARACTER_SET_RESULTS */;
/*!40101 SET @OLD_COLLATION_CONNECTION=@@COLLATION_CONNECTION */;
/*!50503 SET NAMES utf8mb4 */;
/*!40103 SET @OLD_TIME_ZONE=@@TIME_ZONE */;
/*!40103 SET TIME_ZONE='+00:00' */;
/*!40014 SET @OLD_UNIQUE_CHECKS=@@UNIQUE_CHECKS, UNIQUE_CHECKS=0 */;
/*!40014 SET @OLD_FOREIGN_KEY_CHECKS=@@FOREIGN_KEY_CHECKS, FOREIGN_KEY_CHECKS=0 */;
/*!40101 SET @OLD_SQL_MODE=@@SQL_MODE, SQL_MODE='NO_AUTO_VALUE_ON_ZERO' */;
/*!40111 SET @OLD_SQL_NOTES=@@SQL_NOTES, SQL_NOTES=0 */;

--
-- Table structure for table `bobina`
--

DROP TABLE IF EXISTS `bobina`;
/*!40101 SET @saved_cs_client     = @@character_set_client */;
/*!50503 SET character_set_client = utf8mb4 */;
CREATE TABLE `bobina` (
  `id` int NOT NULL AUTO_INCREMENT,
  `corriente_max` decimal(7,3) NOT NULL,
  `resistencia_dc` decimal(7,3) NOT NULL,
  `componente_id` int NOT NULL,
  PRIMARY KEY (`id`),
  KEY `componente_id` (`componente_id`),
  CONSTRAINT `bobina_ibfk_1` FOREIGN KEY (`componente_id`) REFERENCES `componente` (`id`) ON DELETE CASCADE
) ENGINE=InnoDB AUTO_INCREMENT=21 DEFAULT CHARSET=utf8mb4 COLLATE=utf8mb4_0900_ai_ci;
/*!40101 SET character_set_client = @saved_cs_client */;

--
-- Dumping data for table `bobina`
--

/*!40000 ALTER TABLE `bobina` DISABLE KEYS */;
INSERT INTO `bobina` VALUES (1,1.500,0.100,1057),(2,1.500,0.100,1058),(3,1.500,0.100,1059),(4,1.500,0.100,1060),(5,1.500,0.100,1061),(6,1.500,0.100,1062),(7,1.500,0.100,1063),(8,1.500,0.100,1064),(9,1.500,0.100,1065),(10,1.500,0.100,1066),(11,0.500,5.000,1067),(12,0.500,5.000,1068),(13,0.500,5.000,1069),(14,0.500,5.000,1070),(15,0.500,5.000,1071),(16,0.500,5.000,1072),(17,0.500,5.000,1073),(18,0.500,5.000,1074),(19,0.500,5.000,1075),(20,0.500,5.000,1076);
/*!40000 ALTER TABLE `bobina` ENABLE KEYS */;

--
-- Table structure for table `capacitor`
--

DROP TABLE IF EXISTS `capacitor`;
/*!40101 SET @saved_cs_client     = @@character_set_client */;
/*!50503 SET character_set_client = utf8mb4 */;
CREATE TABLE `capacitor` (
  `id` int NOT NULL AUTO_INCREMENT,
  `tipo_dioelectrico` varchar(50) NOT NULL,
  `voltaje` decimal(4,2) NOT NULL,
  `polaridad` tinyint(1) DEFAULT NULL,
  `componente_id` int NOT NULL,
  PRIMARY KEY (`id`),
  KEY `componente_id` (`componente_id`),
  CONSTRAINT `capacitor_ibfk_1` FOREIGN KEY (`componente_id`) REFERENCES `componente` (`id`) ON DELETE CASCADE
) ENGINE=InnoDB AUTO_INCREMENT=289 DEFAULT CHARSET=utf8mb4 COLLATE=utf8mb4_0900_ai_ci;
/*!40101 SET character_set_client = @saved_cs_client */;

--
-- Dumping data for table `capacitor`
--

/*!40000 ALTER TABLE `capacitor` DISABLE KEYS */;
INSERT INTO `capacitor` VALUES (1,'Cerámico',50.00,0,769),(2,'Cerámico',50.00,0,770),(3,'Cerámico',50.00,0,771),(4,'Cerámico',50.00,0,772),(5,'Cerámico',50.00,0,773),(6,'Cerámico',50.00,0,774),(7,'Cerámico',50.00,0,775),(8,'Cerámico',50.00,0,776),(9,'Cerámico',50.00,0,777),(10,'Cerámico',50.00,0,778),(11,'Cerámico',50.00,0,779),(12,'Cerámico',50.00,0,780),(13,'Cerámico',50.00,0,781),(14,'Cerámico',50.00,0,782),(15,'Cerámico',50.00,0,783),(16,'Cerámico',50.00,0,784),(17,'Cerámico',50.00,0,785),(18,'Cerámico',50.00,0,786),(19,'Cerámico',50.00,0,787),(20,'Cerámico',50.00,0,788),(21,'Cerámico',50.00,0,789),(22,'Cerámico',50.00,0,790),(23,'Cerámico',50.00,0,791),(24,'Cerámico',50.00,0,792),(25,'Cerámico',50.00,0,793),(26,'Cerámico',50.00,0,794),(27,'Cerámico',50.00,0,795),(28,'Cerámico',50.00,0,796),(29,'Cerámico',50.00,0,797),(30,'Cerámico',50.00,0,798),(31,'Cerámico',50.00,0,799),(32,'Cerámico',50.00,0,800),(33,'Cerámico',50.00,0,801),(34,'Cerámico',50.00,0,802),(35,'Cerámico',50.00,0,803),(36,'Cerámico',50.00,0,804),(37,'Cerámico',50.00,0,805),(38,'Cerámico',50.00,0,806),(39,'Cerámico',50.00,0,807),(40,'Cerámico',50.00,0,808),(41,'Cerámico',50.00,0,809),(42,'Cerámico',50.00,0,810),(43,'Cerámico',50.00,0,811),(44,'Cerámico',50.00,0,812),(45,'Cerámico',50.00,0,813),(46,'Cerámico',50.00,0,814),(47,'Cerámico',50.00,0,815),(48,'Cerámico',50.00,0,816),(49,'Cerámico',50.00,0,817),(50,'Cerámico',50.00,0,818),(51,'Cerámico',50.00,0,819),(52,'Cerámico',50.00,0,820),(53,'Cerámico',50.00,0,821),(54,'Cerámico',50.00,0,822),(55,'Cerámico',50.00,0,823),(56,'Cerámico',50.00,0,824),(57,'Cerámico',50.00,0,825),(58,'Cerámico',50.00,0,826),(59,'Cerámico',50.00,0,827),(60,'Cerámico',50.00,0,828),(61,'Cerámico',50.00,0,829),(62,'Cerámico',50.00,0,830),(63,'Cerámico',50.00,0,831),(64,'Cerámico',50.00,0,832),(65,'Cerámico',50.00,0,833),(66,'Cerámico',50.00,0,834),(67,'Cerámico',50.00,0,835),(68,'Cerámico',50.00,0,836),(69,'Cerámico',50.00,0,837),(70,'Cerámico',50.00,0,838),(71,'Cerámico',50.00,0,839),(72,'Cerámico',50.00,0,840),(73,'Electrolítico',16.00,1,841),(74,'Electrolítico',16.00,1,842),(75,'Electrolítico',16.00,1,843),(76,'Electrolítico',16.00,1,844),(77,'Electrolítico',16.00,1,845),(78,'Electrolítico',16.00,1,846),(79,'Electrolítico',16.00,1,847),(80,'Electrolítico',16.00,1,848),(81,'Electrolítico',16.00,1,849),(82,'Electrolítico',16.00,1,850),(83,'Electrolítico',16.00,1,851),(84,'Electrolítico',16.00,1,852),(85,'Electrolítico',16.00,1,853),(86,'Electrolítico',16.00,1,854),(87,'Electrolítico',16.00,1,855),(88,'Electrolítico',16.00,1,856),(89,'Electrolítico',16.00,1,857),(90,'Electrolítico',16.00,1,858),(91,'Electrolítico',16.00,1,859),(92,'Electrolítico',16.00,1,860),(93,'Electrolítico',16.00,1,861),(94,'Electrolítico',16.00,1,862),(95,'Electrolítico',16.00,1,863),(96,'Electrolítico',16.00,1,864),(97,'Electrolítico',16.00,1,865),(98,'Electrolítico',16.00,1,866),(99,'Electrolítico',16.00,1,867),(100,'Electrolítico',16.00,1,868),(101,'Electrolítico',16.00,1,869),(102,'Electrolítico',16.00,1,870),(103,'Electrolítico',16.00,1,871),(104,'Electrolítico',16.00,1,872),(105,'Electrolítico',16.00,1,873),(106,'Electrolítico',16.00,1,874),(107,'Electrolítico',16.00,1,875),(108,'Electrolítico',16.00,1,876),(109,'Electrolítico',16.00,1,877),(110,'Electrolítico',16.00,1,878),(111,'Electrolítico',16.00,1,879),(112,'Electrolítico',16.00,1,880),(113,'Electrolítico',16.00,1,881),(114,'Electrolítico',16.00,1,882),(115,'Electrolítico',16.00,1,883),(116,'Electrolítico',16.00,1,884),(117,'Electrolítico',16.00,1,885),(118,'Electrolítico',16.00,1,886),(119,'Electrolítico',16.00,1,887),(120,'Electrolítico',16.00,1,888),(121,'Electrolítico',25.00,1,889),(122,'Electrolítico',25.00,1,890),(123,'Electrolítico',25.00,1,891),(124,'Electrolítico',25.00,1,892),(125,'Electrolítico',25.00,1,893),(126,'Electrolítico',25.00,1,894),(127,'Electrolítico',25.00,1,895),(128,'Electrolítico',25.00,1,896),(129,'Electrolítico',25.00,1,897),(130,'Electrolítico',25.00,1,898),(131,'Electrolítico',25.00,1,899),(132,'Electrolítico',25.00,1,900),(133,'Electrolítico',25.00,1,901),(134,'Electrolítico',25.00,1,902),(135,'Electrolítico',25.00,1,903),(136,'Electrolítico',25.00,1,904),(137,'Electrolítico',25.00,1,905),(138,'Electrolítico',25.00,1,906),(139,'Electrolítico',25.00,1,907),(140,'Electrolítico',25.00,1,908),(141,'Electrolítico',25.00,1,909),(142,'Electrolítico',25.00,1,910),(143,'Electrolítico',25.00,1,911),(144,'Electrolítico',25.00,1,912),(145,'Electrolítico',25.00,1,913),(146,'Electrolítico',25.00,1,914),(147,'Electrolítico',25.00,1,915),(148,'Electrolítico',25.00,1,916),(149,'Electrolítico',25.00,1,917),(150,'Electrolítico',25.00,1,918),(151,'Electrolítico',25.00,1,919),(152,'Electrolítico',25.00,1,920),(153,'Electrolítico',25.00,1,921),(154,'Electrolítico',25.00,1,922),(155,'Electrolítico',25.00,1,923),(156,'Electrolítico',25.00,1,924),(157,'Electrolítico',25.00,1,925),(158,'Electrolítico',25.00,1,926),(159,'Electrolítico',25.00,1,927),(160,'Electrolítico',25.00,1,928),(161,'Electrolítico',25.00,1,929),(162,'Electrolítico',25.00,1,930),(163,'Electrolítico',25.00,1,931),(164,'Electrolítico',25.00,1,932),(165,'Electrolítico',25.00,1,933),(166,'Electrolítico',25.00,1,934),(167,'Electrolítico',25.00,1,935),(168,'Electrolítico',25.00,1,936),(169,'Electrolítico',50.00,1,937),(170,'Electrolítico',50.00,1,938),(171,'Electrolítico',50.00,1,939),(172,'Electrolítico',50.00,1,940),(173,'Electrolítico',50.00,1,941),(174,'Electrolítico',50.00,1,942),(175,'Electrolítico',50.00,1,943),(176,'Electrolítico',50.00,1,944),(177,'Electrolítico',50.00,1,945),(178,'Electrolítico',50.00,1,946),(179,'Electrolítico',50.00,1,947),(180,'Electrolítico',50.00,1,948),(181,'Electrolítico',50.00,1,949),(182,'Electrolítico',50.00,1,950),(183,'Electrolítico',50.00,1,951),(184,'Electrolítico',50.00,1,952),(185,'Electrolítico',50.00,1,953),(186,'Electrolítico',50.00,1,954),(187,'Electrolítico',50.00,1,955),(188,'Electrolítico',50.00,1,956),(189,'Electrolítico',50.00,1,957),(190,'Electrolítico',50.00,1,958),(191,'Electrolítico',50.00,1,959),(192,'Electrolítico',50.00,1,960),(193,'Electrolítico',50.00,1,961),(194,'Electrolítico',50.00,1,962),(195,'Electrolítico',50.00,1,963),(196,'Electrolítico',50.00,1,964),(197,'Electrolítico',50.00,1,965),(198,'Electrolítico',50.00,1,966),(199,'Electrolítico',50.00,1,967),(200,'Electrolítico',50.00,1,968),(201,'Electrolítico',50.00,1,969),(202,'Electrolítico',50.00,1,970),(203,'Electrolítico',50.00,1,971),(204,'Electrolítico',50.00,1,972),(205,'Electrolítico',50.00,1,973),(206,'Electrolítico',50.00,1,974),(207,'Electrolítico',50.00,1,975),(208,'Electrolítico',50.00,1,976),(209,'Electrolítico',50.00,1,977),(210,'Electrolítico',50.00,1,978),(211,'Electrolítico',50.00,1,979),(212,'Electrolítico',50.00,1,980),(213,'Electrolítico',50.00,1,981),(214,'Electrolítico',50.00,1,982),(215,'Electrolítico',50.00,1,983),(216,'Electrolítico',50.00,1,984),(217,'Tantalio',16.00,1,985),(218,'Tantalio',16.00,1,986),(219,'Tantalio',16.00,1,987),(220,'Tantalio',16.00,1,988),(221,'Tantalio',16.00,1,989),(222,'Tantalio',16.00,1,990),(223,'Tantalio',16.00,1,991),(224,'Tantalio',16.00,1,992),(225,'Tantalio',16.00,1,993),(226,'Tantalio',16.00,1,994),(227,'Tantalio',16.00,1,995),(228,'Tantalio',16.00,1,996),(229,'Tantalio',16.00,1,997),(230,'Tantalio',16.00,1,998),(231,'Tantalio',16.00,1,999),(232,'Tantalio',16.00,1,1000),(233,'Tantalio',16.00,1,1001),(234,'Tantalio',16.00,1,1002),(235,'Tantalio',16.00,1,1003),(236,'Tantalio',16.00,1,1004),(237,'Tantalio',16.00,1,1005),(238,'Tantalio',16.00,1,1006),(239,'Tantalio',16.00,1,1007),(240,'Tantalio',16.00,1,1008),(241,'Tantalio',16.00,1,1009),(242,'Tantalio',16.00,1,1010),(243,'Tantalio',16.00,1,1011),(244,'Tantalio',16.00,1,1012),(245,'Tantalio',16.00,1,1013),(246,'Tantalio',16.00,1,1014),(247,'Tantalio',16.00,1,1015),(248,'Tantalio',16.00,1,1016),(249,'Tantalio',16.00,1,1017),(250,'Tantalio',16.00,1,1018),(251,'Tantalio',16.00,1,1019),(252,'Tantalio',16.00,1,1020),(253,'Tantalio',25.00,1,1021),(254,'Tantalio',25.00,1,1022),(255,'Tantalio',25.00,1,1023),(256,'Tantalio',25.00,1,1024),(257,'Tantalio',25.00,1,1025),(258,'Tantalio',25.00,1,1026),(259,'Tantalio',25.00,1,1027),(260,'Tantalio',25.00,1,1028),(261,'Tantalio',25.00,1,1029),(262,'Tantalio',25.00,1,1030),(263,'Tantalio',25.00,1,1031),(264,'Tantalio',25.00,1,1032),(265,'Tantalio',25.00,1,1033),(266,'Tantalio',25.00,1,1034),(267,'Tantalio',25.00,1,1035),(268,'Tantalio',25.00,1,1036),(269,'Tantalio',25.00,1,1037),(270,'Tantalio',25.00,1,1038),(271,'Tantalio',25.00,1,1039),(272,'Tantalio',25.00,1,1040),(273,'Tantalio',25.00,1,1041),(274,'Tantalio',25.00,1,1042),(275,'Tantalio',25.00,1,1043),(276,'Tantalio',25.00,1,1044),(277,'Tantalio',25.00,1,1045),(278,'Tantalio',25.00,1,1046),(279,'Tantalio',25.00,1,1047),(280,'Tantalio',25.00,1,1048),(281,'Tantalio',25.00,1,1049),(282,'Tantalio',25.00,1,1050),(283,'Tantalio',25.00,1,1051),(284,'Tantalio',25.00,1,1052),(285,'Tantalio',25.00,1,1053),(286,'Tantalio',25.00,1,1054),(287,'Tantalio',25.00,1,1055),(288,'Tantalio',25.00,1,1056);
/*!40000 ALTER TABLE `capacitor` ENABLE KEYS */;

--
-- Table structure for table `categoria`
--

DROP TABLE IF EXISTS `categoria`;
/*!40101 SET @saved_cs_client     = @@character_set_client */;
/*!50503 SET character_set_client = utf8mb4 */;
CREATE TABLE `categoria` (
  `id` int NOT NULL AUTO_INCREMENT,
  `nombre` varchar(100) NOT NULL,
  `descripcion` text,
  PRIMARY KEY (`id`)
) ENGINE=InnoDB AUTO_INCREMENT=23 DEFAULT CHARSET=utf8mb4 COLLATE=utf8mb4_0900_ai_ci;
/*!40101 SET character_set_client = @saved_cs_client */;

--
-- Dumping data for table `categoria`
--

/*!40000 ALTER TABLE `categoria` DISABLE KEYS */;
INSERT INTO `categoria` VALUES (1,'Circuito en Serie','Circuitos donde los componentes están conectados en cadena, uno tras otro.'),(2,'Circuito en Paralelo','Circuitos donde los componentes están conectados entre sí en paralelo.'),(3,'Circuito Mixto (Serie-Paralelo)','Circuitos que combinan configuraciones en serie y paralelo.'),(4,'Divisor de Voltaje','Circuitos que dividen un voltaje de entrada en partes más pequeñas.'),(5,'Divisor de Corriente','Circuitos que dividen una corriente de entrada en partes más pequeñas.'),(6,'Una Sola Fuente','Circuitos que utilizan una sola fuente de alimentación.'),(7,'Varias Fuentes','Circuitos que utilizan múltiples fuentes de alimentación.'),(8,'Análisis de Nodos','Método de análisis que utiliza las leyes de Corrientes de Kirchhoff para resolver circuitos.'),(9,'Análisis de Mallas','Método de análisis que utiliza las leyes de Voltaje de Kirchhoff para resolver circuitos.'),(10,'Teorema de Thévenin / Norton','Teoremas que permiten simplificar circuitos complejos en equivalentes más simples.'),(11,'Superposición','Principio que permite analizar el efecto de cada fuente de forma independiente.'),(12,'Máxima Transferencia de Potencia','Principio que establece las condiciones para transferir la máxima potencia desde una fuente a una carga.'),(13,'Corriente Directa (DC)','Circuitos que operan con corriente que fluye en una sola dirección.'),(14,'Corriente Alterna (AC)','Circuitos que operan con corriente que cambia de dirección periódicamente.'),(15,'Filtros Pasivos','Circuitos que permiten pasar ciertas frecuencias mientras atienden otras.'),(16,'Respuesta en Frecuencia / Diagramas de Bode','Análisis de cómo un circuito responde a diferentes frecuencias.'),(17,'Circuitos Transitorios','Circuitos que exhiben comportamiento cambiante en el tiempo, como los circuitos RC, RL y RLC.'),(18,'Diodos: Rectificadores','Diodos utilizados para convertir corriente alterna en corriente directa (Media onda, Onda completa)'),(19,'Diodos: Recortadores y Sujetadores','Diodos utilizados para limitar o mantener un nivel de voltaje específico en una señal.'),(20,'Amplificadores con BJT','Amplificadores que utilizan transistores bipolares para aumentar la ganancia de una señal.'),(21,'Amplificadores con FET / MOSFET','Amplificadores que utilizan transistores de efecto de campo para aumentar la ganancia de una señal.'),(22,'Fuentes de Alimentación / Regulación','Circuitos que proporcionan energía eléctrica a otros circuitos, regulando el voltaje y corriente.');
/*!40000 ALTER TABLE `categoria` ENABLE KEYS */;

--
-- Table structure for table `circuito`
--

DROP TABLE IF EXISTS `circuito`;
/*!40101 SET @saved_cs_client     = @@character_set_client */;
/*!50503 SET character_set_client = utf8mb4 */;
CREATE TABLE `circuito` (
  `id` int NOT NULL AUTO_INCREMENT,
  `nombre` varchar(250) NOT NULL,
  `descripcion` text,
  `layout_data` json DEFAULT NULL,
  `miniatura_svg` text,
  `activo` tinyint(1) DEFAULT '0',
  `dificultad` varchar(50) DEFAULT 'Básico',
  `tema` varchar(100) NOT NULL,
  `unidad_tematica` varchar(100) NOT NULL,
  `materia` varchar(30) NOT NULL,
  PRIMARY KEY (`id`)
) ENGINE=InnoDB AUTO_INCREMENT=9 DEFAULT CHARSET=utf8mb4 COLLATE=utf8mb4_0900_ai_ci;
/*!40101 SET character_set_client = @saved_cs_client */;

--
-- Dumping data for table `circuito`
--

/*!40000 ALTER TABLE `circuito` DISABLE KEYS */;
INSERT INTO `circuito` VALUES (1,'Circuito Resistivo Mixto Básico','Circuito con 4 resistencias en configuración serie-paralelo alimentadas por una fuente DC de 12V. Ideal para practicar reducción de resistencias y divisor de voltaje.','{\"pan\": {\"x\": 0, \"y\": 0}, \"zoom\": 1}','<svg>...</svg>',1,'Básico','1. Unidades eléctricas.\n2. Ley de Ohm.\n3. Código de colores.','Fundamentos de Circuitos Eléctricos','Circuitos Eléctricos'),(2,'Fuentes de Voltaje y Corriente independientes','Circuito mixto con excitación de múltiples fuentes independientes (voltaje y corriente). Ideal para aplicar el Teorema de Superposición o Análisis de Nodos.','{\"pan\": {\"x\": 0, \"y\": 0}, \"zoom\": 1}','<svg>...</svg>',1,'Intermedio','1. Elementos Activos de circuitos eléctricos.\n2. Análisis de Nodos.\n3. Teorema de Superposición','Fundamentos de Circuitos Eléctricos','Circuitos Eléctricos'),(3,'Circuito Resistivo de 4 Mallas','Circuito complejo con 4 mallas, múltiples resistencias y dos fuentes de voltaje en diferentes ramas. Excelente para practicar Análisis de Mallas, Análisis de Nodos, y aplicar las Leyes de Kirchhoff.','{\"pan\": {\"x\": 0, \"y\": 0}, \"zoom\": 1}','<svg>...</svg>',1,'Avanzado','1.Análisis de Mallas (Leyes de Kirchhoff de Corriente y Voltaje).\n2.Análisis de Nodos.','Fundamentos de Circuitos Eléctricos','Circuitos Eléctricos'),(4,'Divisor de Voltaje','Circuito Mixto con 1 fuente de voltaje y múltiples resistencias. Excelente para practicar Ley de Ohm, Divisor de Voltajes y voltajes en cada nodo y resistencia.','{\"pan\": {\"x\": 0, \"y\": 0}, \"zoom\": 1}','<svg>...</svg>',1,'Intermedio','1.Análisis de Nodos.\n2.Divisor de Voltaje.','Análisis de Circuitos en Corriente Directa.','Circuitos Eléctricos'),(5,'Divisor de Corriente','Circuito Mixto con 1 fuente de corriente y múltiples resistencias. Excelente para practicar Ley de Ohm, Divisor de Corrientes y voltajes en cada nodo.','{\"pan\": {\"x\": 0, \"y\": 0}, \"zoom\": 1}','<svg>...</svg>',1,'Intermedio','1.Análisis de Nodos.\n2.Divisor de Corriente.','Análisis de Circuitos en Corriente Directa.','Circuitos Eléctricos'),(6,'Análisis de Mallas y Nodos','Circuito complejo con 4 mallas, múltiples resistencias y múltiples fuentes en diferentes ramas. Excelente para practicar Análisis de Mallas, Análisis de Nodos, y aplicar las Leyes de Kirchhoff.','{\"pan\": {\"x\": 0, \"y\": 0}, \"zoom\": 1}','<svg>...</svg>',1,'Avanzado','1.Análisis de Mallas (Leyes de Kirchhoff de Corriente y Voltaje).\n2.Análisis de Nodos.','Análisis de Circuitos en Corriente Directa','Circuitos Eléctricos'),(7,'Teorema de Superposición','Circuito con varias fuentes independientes (tensiones y corrientes) y varias resistencias. Ideal para practicar el Teorema de Superposición.','{\"pan\": {\"x\": 0, \"y\": 0}, \"zoom\": 1}','<svg>...</svg>',1,'Intermedio','1.Teorema de Superposición.\n2.Análisis de Mallas.\n3.Análisis de Nodos.','Análisis de Circuitos en Corriente Directa','Circuitos Eléctricos'),(8,'Teoremas de Thévenin y Norton','Circuito con varias fuentes independientes (tensiones y corrientes) y varias resistencias. Ideal para practicar los Teoremas de Thévenin y Norton.','{\"pan\": {\"x\": 0, \"y\": 0}, \"zoom\": 1}','<svg>...</svg>',1,'Intermedio','1.Teoremas de Thévenin y Norton.\n2.Teorema de Intercambio de Fuentes.','Análisis de Circuitos en Corriente Directa','Circuitos Eléctricos');
/*!40000 ALTER TABLE `circuito` ENABLE KEYS */;

--
-- Table structure for table `circuito_categoria`
--

DROP TABLE IF EXISTS `circuito_categoria`;
/*!40101 SET @saved_cs_client     = @@character_set_client */;
/*!50503 SET character_set_client = utf8mb4 */;
CREATE TABLE `circuito_categoria` (
  `id` int NOT NULL AUTO_INCREMENT,
  `circuito_id` int NOT NULL,
  `categoria_id` int NOT NULL,
  PRIMARY KEY (`id`),
  KEY `categoria_id` (`categoria_id`),
  KEY `circuito_id` (`circuito_id`),
  CONSTRAINT `circuito_categoria_ibfk_1` FOREIGN KEY (`categoria_id`) REFERENCES `categoria` (`id`),
  CONSTRAINT `circuito_categoria_ibfk_2` FOREIGN KEY (`circuito_id`) REFERENCES `circuito` (`id`) ON DELETE CASCADE
) ENGINE=InnoDB AUTO_INCREMENT=41 DEFAULT CHARSET=utf8mb4 COLLATE=utf8mb4_0900_ai_ci;
/*!40101 SET character_set_client = @saved_cs_client */;

--
-- Dumping data for table `circuito_categoria`
--

/*!40000 ALTER TABLE `circuito_categoria` DISABLE KEYS */;
INSERT INTO `circuito_categoria` VALUES (1,1,3),(2,1,6),(3,1,13),(4,2,3),(5,2,8),(6,2,11),(7,2,13),(8,3,3),(9,3,7),(10,3,8),(11,3,9),(13,3,13),(14,4,3),(15,4,4),(16,4,6),(17,4,8),(18,4,13),(19,5,3),(20,5,5),(21,5,6),(22,5,8),(23,5,13),(24,6,3),(25,6,7),(26,6,8),(27,6,9),(28,6,13),(29,7,3),(30,7,7),(31,7,8),(32,7,9),(33,7,11),(34,7,13),(35,8,3),(36,8,7),(37,8,8),(38,8,9),(39,8,10),(40,8,13);
/*!40000 ALTER TABLE `circuito_categoria` ENABLE KEYS */;

--
-- Table structure for table `componente`
--

DROP TABLE IF EXISTS `componente`;
/*!40101 SET @saved_cs_client     = @@character_set_client */;
/*!50503 SET character_set_client = utf8mb4 */;
CREATE TABLE `componente` (
  `id` int NOT NULL AUTO_INCREMENT,
  `nombre` varchar(100) NOT NULL,
  `tipo` varchar(20) NOT NULL,
  `valor` varchar(20) NOT NULL,
  `unidad_medida_id` int DEFAULT NULL,
  `componente_grafico_id` int NOT NULL,
  PRIMARY KEY (`id`),
  KEY `unidad_medida_id` (`unidad_medida_id`),
  KEY `componente_grafico_id` (`componente_grafico_id`),
  CONSTRAINT `componente_ibfk_1` FOREIGN KEY (`unidad_medida_id`) REFERENCES `unidad_medida` (`id`),
  CONSTRAINT `componente_ibfk_2` FOREIGN KEY (`componente_grafico_id`) REFERENCES `componente_grafico` (`id`)
) ENGINE=InnoDB AUTO_INCREMENT=1134 DEFAULT CHARSET=utf8mb4 COLLATE=utf8mb4_0900_ai_ci;
/*!40101 SET character_set_client = @saved_cs_client */;

--
-- Dumping data for table `componente`
--

/*!40000 ALTER TABLE `componente` DISABLE KEYS */;
INSERT INTO `componente` VALUES (1,'Resistencia de 0.1 a 0.125W','Resistencia','0.1',1,1),(2,'Resistencia de 1 a 0.125W','Resistencia','1',1,1),(3,'Resistencia de 10 a 0.125W','Resistencia','10',1,1),(4,'Resistencia de 100 a 0.125W','Resistencia','100',1,1),(5,'Resistencia de 1k a 0.125W','Resistencia','1k',1,1),(6,'Resistencia de 10k a 0.125W','Resistencia','10k',1,1),(7,'Resistencia de 100k a 0.125W','Resistencia','100k',1,1),(8,'Resistencia de 1M a 0.125W','Resistencia','1M',1,1),(9,'Resistencia de 0.1 a 0.125W','Resistencia','0.1',1,1),(10,'Resistencia de 1.1 a 0.125W','Resistencia','1.1',1,1),(11,'Resistencia de 11 a 0.125W','Resistencia','11',1,1),(12,'Resistencia de 110 a 0.125W','Resistencia','110',1,1),(13,'Resistencia de 1.1k a 0.125W','Resistencia','1.1k',1,1),(14,'Resistencia de 11k a 0.125W','Resistencia','11k',1,1),(15,'Resistencia de 110k a 0.125W','Resistencia','110k',1,1),(16,'Resistencia de 1.1M a 0.125W','Resistencia','1.1M',1,1),(17,'Resistencia de 0.1 a 0.125W','Resistencia','0.1',1,1),(18,'Resistencia de 1.2 a 0.125W','Resistencia','1.2',1,1),(19,'Resistencia de 12 a 0.125W','Resistencia','12',1,1),(20,'Resistencia de 120 a 0.125W','Resistencia','120',1,1),(21,'Resistencia de 1.2k a 0.125W','Resistencia','1.2k',1,1),(22,'Resistencia de 12k a 0.125W','Resistencia','12k',1,1),(23,'Resistencia de 120k a 0.125W','Resistencia','120k',1,1),(24,'Resistencia de 1.2M a 0.125W','Resistencia','1.2M',1,1),(25,'Resistencia de 0.1 a 0.125W','Resistencia','0.1',1,1),(26,'Resistencia de 1.3 a 0.125W','Resistencia','1.3',1,1),(27,'Resistencia de 13 a 0.125W','Resistencia','13',1,1),(28,'Resistencia de 130 a 0.125W','Resistencia','130',1,1),(29,'Resistencia de 1.3k a 0.125W','Resistencia','1.3k',1,1),(30,'Resistencia de 13k a 0.125W','Resistencia','13k',1,1),(31,'Resistencia de 130k a 0.125W','Resistencia','130k',1,1),(32,'Resistencia de 1.3M a 0.125W','Resistencia','1.3M',1,1),(33,'Resistencia de 0.2 a 0.125W','Resistencia','0.2',1,1),(34,'Resistencia de 1.5 a 0.125W','Resistencia','1.5',1,1),(35,'Resistencia de 15 a 0.125W','Resistencia','15',1,1),(36,'Resistencia de 150 a 0.125W','Resistencia','150',1,1),(37,'Resistencia de 1.5k a 0.125W','Resistencia','1.5k',1,1),(38,'Resistencia de 15k a 0.125W','Resistencia','15k',1,1),(39,'Resistencia de 150k a 0.125W','Resistencia','150k',1,1),(40,'Resistencia de 1.5M a 0.125W','Resistencia','1.5M',1,1),(41,'Resistencia de 0.2 a 0.125W','Resistencia','0.2',1,1),(42,'Resistencia de 1.6 a 0.125W','Resistencia','1.6',1,1),(43,'Resistencia de 16 a 0.125W','Resistencia','16',1,1),(44,'Resistencia de 160 a 0.125W','Resistencia','160',1,1),(45,'Resistencia de 1.6k a 0.125W','Resistencia','1.6k',1,1),(46,'Resistencia de 16k a 0.125W','Resistencia','16k',1,1),(47,'Resistencia de 160k a 0.125W','Resistencia','160k',1,1),(48,'Resistencia de 1.6M a 0.125W','Resistencia','1.6M',1,1),(49,'Resistencia de 0.2 a 0.125W','Resistencia','0.2',1,1),(50,'Resistencia de 1.8 a 0.125W','Resistencia','1.8',1,1),(51,'Resistencia de 18 a 0.125W','Resistencia','18',1,1),(52,'Resistencia de 180 a 0.125W','Resistencia','180',1,1),(53,'Resistencia de 1.8k a 0.125W','Resistencia','1.8k',1,1),(54,'Resistencia de 18k a 0.125W','Resistencia','18k',1,1),(55,'Resistencia de 180k a 0.125W','Resistencia','180k',1,1),(56,'Resistencia de 1.8M a 0.125W','Resistencia','1.8M',1,1),(57,'Resistencia de 0.2 a 0.125W','Resistencia','0.2',1,1),(58,'Resistencia de 2 a 0.125W','Resistencia','2',1,1),(59,'Resistencia de 20 a 0.125W','Resistencia','20',1,1),(60,'Resistencia de 200 a 0.125W','Resistencia','200',1,1),(61,'Resistencia de 2k a 0.125W','Resistencia','2k',1,1),(62,'Resistencia de 20k a 0.125W','Resistencia','20k',1,1),(63,'Resistencia de 200k a 0.125W','Resistencia','200k',1,1),(64,'Resistencia de 2M a 0.125W','Resistencia','2M',1,1),(65,'Resistencia de 0.2 a 0.125W','Resistencia','0.2',1,1),(66,'Resistencia de 2.2 a 0.125W','Resistencia','2.2',1,1),(67,'Resistencia de 22 a 0.125W','Resistencia','22',1,1),(68,'Resistencia de 220 a 0.125W','Resistencia','220',1,1),(69,'Resistencia de 2.2k a 0.125W','Resistencia','2.2k',1,1),(70,'Resistencia de 22k a 0.125W','Resistencia','22k',1,1),(71,'Resistencia de 220k a 0.125W','Resistencia','220k',1,1),(72,'Resistencia de 2.2M a 0.125W','Resistencia','2.2M',1,1),(73,'Resistencia de 0.2 a 0.125W','Resistencia','0.2',1,1),(74,'Resistencia de 2.4 a 0.125W','Resistencia','2.4',1,1),(75,'Resistencia de 24 a 0.125W','Resistencia','24',1,1),(76,'Resistencia de 240 a 0.125W','Resistencia','240',1,1),(77,'Resistencia de 2.4k a 0.125W','Resistencia','2.4k',1,1),(78,'Resistencia de 24k a 0.125W','Resistencia','24k',1,1),(79,'Resistencia de 240k a 0.125W','Resistencia','240k',1,1),(80,'Resistencia de 2.4M a 0.125W','Resistencia','2.4M',1,1),(81,'Resistencia de 0.3 a 0.125W','Resistencia','0.3',1,1),(82,'Resistencia de 2.7 a 0.125W','Resistencia','2.7',1,1),(83,'Resistencia de 27 a 0.125W','Resistencia','27',1,1),(84,'Resistencia de 270 a 0.125W','Resistencia','270',1,1),(85,'Resistencia de 2.7k a 0.125W','Resistencia','2.7k',1,1),(86,'Resistencia de 27k a 0.125W','Resistencia','27k',1,1),(87,'Resistencia de 270k a 0.125W','Resistencia','270k',1,1),(88,'Resistencia de 2.7M a 0.125W','Resistencia','2.7M',1,1),(89,'Resistencia de 0.3 a 0.125W','Resistencia','0.3',1,1),(90,'Resistencia de 3 a 0.125W','Resistencia','3',1,1),(91,'Resistencia de 30 a 0.125W','Resistencia','30',1,1),(92,'Resistencia de 300 a 0.125W','Resistencia','300',1,1),(93,'Resistencia de 3k a 0.125W','Resistencia','3k',1,1),(94,'Resistencia de 30k a 0.125W','Resistencia','30k',1,1),(95,'Resistencia de 300k a 0.125W','Resistencia','300k',1,1),(96,'Resistencia de 3M a 0.125W','Resistencia','3M',1,1),(97,'Resistencia de 0.3 a 0.125W','Resistencia','0.3',1,1),(98,'Resistencia de 3.3 a 0.125W','Resistencia','3.3',1,1),(99,'Resistencia de 33 a 0.125W','Resistencia','33',1,1),(100,'Resistencia de 330 a 0.125W','Resistencia','330',1,1),(101,'Resistencia de 3.3k a 0.125W','Resistencia','3.3k',1,1),(102,'Resistencia de 33k a 0.125W','Resistencia','33k',1,1),(103,'Resistencia de 330k a 0.125W','Resistencia','330k',1,1),(104,'Resistencia de 3.3M a 0.125W','Resistencia','3.3M',1,1),(105,'Resistencia de 0.4 a 0.125W','Resistencia','0.4',1,1),(106,'Resistencia de 3.6 a 0.125W','Resistencia','3.6',1,1),(107,'Resistencia de 36 a 0.125W','Resistencia','36',1,1),(108,'Resistencia de 360 a 0.125W','Resistencia','360',1,1),(109,'Resistencia de 3.6k a 0.125W','Resistencia','3.6k',1,1),(110,'Resistencia de 36k a 0.125W','Resistencia','36k',1,1),(111,'Resistencia de 360k a 0.125W','Resistencia','360k',1,1),(112,'Resistencia de 3.6M a 0.125W','Resistencia','3.6M',1,1),(113,'Resistencia de 0.4 a 0.125W','Resistencia','0.4',1,1),(114,'Resistencia de 3.9 a 0.125W','Resistencia','3.9',1,1),(115,'Resistencia de 39 a 0.125W','Resistencia','39',1,1),(116,'Resistencia de 390 a 0.125W','Resistencia','390',1,1),(117,'Resistencia de 3.9k a 0.125W','Resistencia','3.9k',1,1),(118,'Resistencia de 39k a 0.125W','Resistencia','39k',1,1),(119,'Resistencia de 390k a 0.125W','Resistencia','390k',1,1),(120,'Resistencia de 3.9M a 0.125W','Resistencia','3.9M',1,1),(121,'Resistencia de 0.4 a 0.125W','Resistencia','0.4',1,1),(122,'Resistencia de 4.3 a 0.125W','Resistencia','4.3',1,1),(123,'Resistencia de 43 a 0.125W','Resistencia','43',1,1),(124,'Resistencia de 430 a 0.125W','Resistencia','430',1,1),(125,'Resistencia de 4.3k a 0.125W','Resistencia','4.3k',1,1),(126,'Resistencia de 43k a 0.125W','Resistencia','43k',1,1),(127,'Resistencia de 430k a 0.125W','Resistencia','430k',1,1),(128,'Resistencia de 4.3M a 0.125W','Resistencia','4.3M',1,1),(129,'Resistencia de 0.5 a 0.125W','Resistencia','0.5',1,1),(130,'Resistencia de 4.7 a 0.125W','Resistencia','4.7',1,1),(131,'Resistencia de 47 a 0.125W','Resistencia','47',1,1),(132,'Resistencia de 470 a 0.125W','Resistencia','470',1,1),(133,'Resistencia de 4.7k a 0.125W','Resistencia','4.7k',1,1),(134,'Resistencia de 47k a 0.125W','Resistencia','47k',1,1),(135,'Resistencia de 470k a 0.125W','Resistencia','470k',1,1),(136,'Resistencia de 4.7M a 0.125W','Resistencia','4.7M',1,1),(137,'Resistencia de 0.5 a 0.125W','Resistencia','0.5',1,1),(138,'Resistencia de 5.1 a 0.125W','Resistencia','5.1',1,1),(139,'Resistencia de 51 a 0.125W','Resistencia','51',1,1),(140,'Resistencia de 510 a 0.125W','Resistencia','510',1,1),(141,'Resistencia de 5.1k a 0.125W','Resistencia','5.1k',1,1),(142,'Resistencia de 51k a 0.125W','Resistencia','51k',1,1),(143,'Resistencia de 510k a 0.125W','Resistencia','510k',1,1),(144,'Resistencia de 5.1M a 0.125W','Resistencia','5.1M',1,1),(145,'Resistencia de 0.6 a 0.125W','Resistencia','0.6',1,1),(146,'Resistencia de 5.6 a 0.125W','Resistencia','5.6',1,1),(147,'Resistencia de 56 a 0.125W','Resistencia','56',1,1),(148,'Resistencia de 560 a 0.125W','Resistencia','560',1,1),(149,'Resistencia de 5.6k a 0.125W','Resistencia','5.6k',1,1),(150,'Resistencia de 56k a 0.125W','Resistencia','56k',1,1),(151,'Resistencia de 560k a 0.125W','Resistencia','560k',1,1),(152,'Resistencia de 5.6M a 0.125W','Resistencia','5.6M',1,1),(153,'Resistencia de 0.6 a 0.125W','Resistencia','0.6',1,1),(154,'Resistencia de 6.2 a 0.125W','Resistencia','6.2',1,1),(155,'Resistencia de 62 a 0.125W','Resistencia','62',1,1),(156,'Resistencia de 620 a 0.125W','Resistencia','620',1,1),(157,'Resistencia de 6.2k a 0.125W','Resistencia','6.2k',1,1),(158,'Resistencia de 62k a 0.125W','Resistencia','62k',1,1),(159,'Resistencia de 620k a 0.125W','Resistencia','620k',1,1),(160,'Resistencia de 6.2M a 0.125W','Resistencia','6.2M',1,1),(161,'Resistencia de 0.7 a 0.125W','Resistencia','0.7',1,1),(162,'Resistencia de 6.8 a 0.125W','Resistencia','6.8',1,1),(163,'Resistencia de 68 a 0.125W','Resistencia','68',1,1),(164,'Resistencia de 680 a 0.125W','Resistencia','680',1,1),(165,'Resistencia de 6.8k a 0.125W','Resistencia','6.8k',1,1),(166,'Resistencia de 68k a 0.125W','Resistencia','68k',1,1),(167,'Resistencia de 680k a 0.125W','Resistencia','680k',1,1),(168,'Resistencia de 6.8M a 0.125W','Resistencia','6.8M',1,1),(169,'Resistencia de 0.8 a 0.125W','Resistencia','0.8',1,1),(170,'Resistencia de 7.5 a 0.125W','Resistencia','7.5',1,1),(171,'Resistencia de 75 a 0.125W','Resistencia','75',1,1),(172,'Resistencia de 750 a 0.125W','Resistencia','750',1,1),(173,'Resistencia de 7.5k a 0.125W','Resistencia','7.5k',1,1),(174,'Resistencia de 75k a 0.125W','Resistencia','75k',1,1),(175,'Resistencia de 750k a 0.125W','Resistencia','750k',1,1),(176,'Resistencia de 7.5M a 0.125W','Resistencia','7.5M',1,1),(177,'Resistencia de 0.8 a 0.125W','Resistencia','0.8',1,1),(178,'Resistencia de 8.2 a 0.125W','Resistencia','8.2',1,1),(179,'Resistencia de 82 a 0.125W','Resistencia','82',1,1),(180,'Resistencia de 820 a 0.125W','Resistencia','820',1,1),(181,'Resistencia de 8.2k a 0.125W','Resistencia','8.2k',1,1),(182,'Resistencia de 82k a 0.125W','Resistencia','82k',1,1),(183,'Resistencia de 820k a 0.125W','Resistencia','820k',1,1),(184,'Resistencia de 8.2M a 0.125W','Resistencia','8.2M',1,1),(185,'Resistencia de 0.9 a 0.125W','Resistencia','0.9',1,1),(186,'Resistencia de 9.1 a 0.125W','Resistencia','9.1',1,1),(187,'Resistencia de 91 a 0.125W','Resistencia','91',1,1),(188,'Resistencia de 910 a 0.125W','Resistencia','910',1,1),(189,'Resistencia de 9.1k a 0.125W','Resistencia','9.1k',1,1),(190,'Resistencia de 91k a 0.125W','Resistencia','91k',1,1),(191,'Resistencia de 910k a 0.125W','Resistencia','910k',1,1),(192,'Resistencia de 9.1M a 0.125W','Resistencia','9.1M',1,1),(193,'Resistencia de 0.1 a 0.25W','Resistencia','0.1',1,1),(194,'Resistencia de 1 a 0.25W','Resistencia','1',1,1),(195,'Resistencia de 10 a 0.25W','Resistencia','10',1,1),(196,'Resistencia de 100 a 0.25W','Resistencia','100',1,1),(197,'Resistencia de 1k a 0.25W','Resistencia','1k',1,1),(198,'Resistencia de 10k a 0.25W','Resistencia','10k',1,1),(199,'Resistencia de 100k a 0.25W','Resistencia','100k',1,1),(200,'Resistencia de 1M a 0.25W','Resistencia','1M',1,1),(201,'Resistencia de 0.1 a 0.25W','Resistencia','0.1',1,1),(202,'Resistencia de 1.1 a 0.25W','Resistencia','1.1',1,1),(203,'Resistencia de 11 a 0.25W','Resistencia','11',1,1),(204,'Resistencia de 110 a 0.25W','Resistencia','110',1,1),(205,'Resistencia de 1.1k a 0.25W','Resistencia','1.1k',1,1),(206,'Resistencia de 11k a 0.25W','Resistencia','11k',1,1),(207,'Resistencia de 110k a 0.25W','Resistencia','110k',1,1),(208,'Resistencia de 1.1M a 0.25W','Resistencia','1.1M',1,1),(209,'Resistencia de 0.1 a 0.25W','Resistencia','0.1',1,1),(210,'Resistencia de 1.2 a 0.25W','Resistencia','1.2',1,1),(211,'Resistencia de 12 a 0.25W','Resistencia','12',1,1),(212,'Resistencia de 120 a 0.25W','Resistencia','120',1,1),(213,'Resistencia de 1.2k a 0.25W','Resistencia','1.2k',1,1),(214,'Resistencia de 12k a 0.25W','Resistencia','12k',1,1),(215,'Resistencia de 120k a 0.25W','Resistencia','120k',1,1),(216,'Resistencia de 1.2M a 0.25W','Resistencia','1.2M',1,1),(217,'Resistencia de 0.1 a 0.25W','Resistencia','0.1',1,1),(218,'Resistencia de 1.3 a 0.25W','Resistencia','1.3',1,1),(219,'Resistencia de 13 a 0.25W','Resistencia','13',1,1),(220,'Resistencia de 130 a 0.25W','Resistencia','130',1,1),(221,'Resistencia de 1.3k a 0.25W','Resistencia','1.3k',1,1),(222,'Resistencia de 13k a 0.25W','Resistencia','13k',1,1),(223,'Resistencia de 130k a 0.25W','Resistencia','130k',1,1),(224,'Resistencia de 1.3M a 0.25W','Resistencia','1.3M',1,1),(225,'Resistencia de 0.2 a 0.25W','Resistencia','0.2',1,1),(226,'Resistencia de 1.5 a 0.25W','Resistencia','1.5',1,1),(227,'Resistencia de 15 a 0.25W','Resistencia','15',1,1),(228,'Resistencia de 150 a 0.25W','Resistencia','150',1,1),(229,'Resistencia de 1.5k a 0.25W','Resistencia','1.5k',1,1),(230,'Resistencia de 15k a 0.25W','Resistencia','15k',1,1),(231,'Resistencia de 150k a 0.25W','Resistencia','150k',1,1),(232,'Resistencia de 1.5M a 0.25W','Resistencia','1.5M',1,1),(233,'Resistencia de 0.2 a 0.25W','Resistencia','0.2',1,1),(234,'Resistencia de 1.6 a 0.25W','Resistencia','1.6',1,1),(235,'Resistencia de 16 a 0.25W','Resistencia','16',1,1),(236,'Resistencia de 160 a 0.25W','Resistencia','160',1,1),(237,'Resistencia de 1.6k a 0.25W','Resistencia','1.6k',1,1),(238,'Resistencia de 16k a 0.25W','Resistencia','16k',1,1),(239,'Resistencia de 160k a 0.25W','Resistencia','160k',1,1),(240,'Resistencia de 1.6M a 0.25W','Resistencia','1.6M',1,1),(241,'Resistencia de 0.2 a 0.25W','Resistencia','0.2',1,1),(242,'Resistencia de 1.8 a 0.25W','Resistencia','1.8',1,1),(243,'Resistencia de 18 a 0.25W','Resistencia','18',1,1),(244,'Resistencia de 180 a 0.25W','Resistencia','180',1,1),(245,'Resistencia de 1.8k a 0.25W','Resistencia','1.8k',1,1),(246,'Resistencia de 18k a 0.25W','Resistencia','18k',1,1),(247,'Resistencia de 180k a 0.25W','Resistencia','180k',1,1),(248,'Resistencia de 1.8M a 0.25W','Resistencia','1.8M',1,1),(249,'Resistencia de 0.2 a 0.25W','Resistencia','0.2',1,1),(250,'Resistencia de 2 a 0.25W','Resistencia','2',1,1),(251,'Resistencia de 20 a 0.25W','Resistencia','20',1,1),(252,'Resistencia de 200 a 0.25W','Resistencia','200',1,1),(253,'Resistencia de 2k a 0.25W','Resistencia','2k',1,1),(254,'Resistencia de 20k a 0.25W','Resistencia','20k',1,1),(255,'Resistencia de 200k a 0.25W','Resistencia','200k',1,1),(256,'Resistencia de 2M a 0.25W','Resistencia','2M',1,1),(257,'Resistencia de 0.2 a 0.25W','Resistencia','0.2',1,1),(258,'Resistencia de 2.2 a 0.25W','Resistencia','2.2',1,1),(259,'Resistencia de 22 a 0.25W','Resistencia','22',1,1),(260,'Resistencia de 220 a 0.25W','Resistencia','220',1,1),(261,'Resistencia de 2.2k a 0.25W','Resistencia','2.2k',1,1),(262,'Resistencia de 22k a 0.25W','Resistencia','22k',1,1),(263,'Resistencia de 220k a 0.25W','Resistencia','220k',1,1),(264,'Resistencia de 2.2M a 0.25W','Resistencia','2.2M',1,1),(265,'Resistencia de 0.2 a 0.25W','Resistencia','0.2',1,1),(266,'Resistencia de 2.4 a 0.25W','Resistencia','2.4',1,1),(267,'Resistencia de 24 a 0.25W','Resistencia','24',1,1),(268,'Resistencia de 240 a 0.25W','Resistencia','240',1,1),(269,'Resistencia de 2.4k a 0.25W','Resistencia','2.4k',1,1),(270,'Resistencia de 24k a 0.25W','Resistencia','24k',1,1),(271,'Resistencia de 240k a 0.25W','Resistencia','240k',1,1),(272,'Resistencia de 2.4M a 0.25W','Resistencia','2.4M',1,1),(273,'Resistencia de 0.3 a 0.25W','Resistencia','0.3',1,1),(274,'Resistencia de 2.7 a 0.25W','Resistencia','2.7',1,1),(275,'Resistencia de 27 a 0.25W','Resistencia','27',1,1),(276,'Resistencia de 270 a 0.25W','Resistencia','270',1,1),(277,'Resistencia de 2.7k a 0.25W','Resistencia','2.7k',1,1),(278,'Resistencia de 27k a 0.25W','Resistencia','27k',1,1),(279,'Resistencia de 270k a 0.25W','Resistencia','270k',1,1),(280,'Resistencia de 2.7M a 0.25W','Resistencia','2.7M',1,1),(281,'Resistencia de 0.3 a 0.25W','Resistencia','0.3',1,1),(282,'Resistencia de 3 a 0.25W','Resistencia','3',1,1),(283,'Resistencia de 30 a 0.25W','Resistencia','30',1,1),(284,'Resistencia de 300 a 0.25W','Resistencia','300',1,1),(285,'Resistencia de 3k a 0.25W','Resistencia','3k',1,1),(286,'Resistencia de 30k a 0.25W','Resistencia','30k',1,1),(287,'Resistencia de 300k a 0.25W','Resistencia','300k',1,1),(288,'Resistencia de 3M a 0.25W','Resistencia','3M',1,1),(289,'Resistencia de 0.3 a 0.25W','Resistencia','0.3',1,1),(290,'Resistencia de 3.3 a 0.25W','Resistencia','3.3',1,1),(291,'Resistencia de 33 a 0.25W','Resistencia','33',1,1),(292,'Resistencia de 330 a 0.25W','Resistencia','330',1,1),(293,'Resistencia de 3.3k a 0.25W','Resistencia','3.3k',1,1),(294,'Resistencia de 33k a 0.25W','Resistencia','33k',1,1),(295,'Resistencia de 330k a 0.25W','Resistencia','330k',1,1),(296,'Resistencia de 3.3M a 0.25W','Resistencia','3.3M',1,1),(297,'Resistencia de 0.4 a 0.25W','Resistencia','0.4',1,1),(298,'Resistencia de 3.6 a 0.25W','Resistencia','3.6',1,1),(299,'Resistencia de 36 a 0.25W','Resistencia','36',1,1),(300,'Resistencia de 360 a 0.25W','Resistencia','360',1,1),(301,'Resistencia de 3.6k a 0.25W','Resistencia','3.6k',1,1),(302,'Resistencia de 36k a 0.25W','Resistencia','36k',1,1),(303,'Resistencia de 360k a 0.25W','Resistencia','360k',1,1),(304,'Resistencia de 3.6M a 0.25W','Resistencia','3.6M',1,1),(305,'Resistencia de 0.4 a 0.25W','Resistencia','0.4',1,1),(306,'Resistencia de 3.9 a 0.25W','Resistencia','3.9',1,1),(307,'Resistencia de 39 a 0.25W','Resistencia','39',1,1),(308,'Resistencia de 390 a 0.25W','Resistencia','390',1,1),(309,'Resistencia de 3.9k a 0.25W','Resistencia','3.9k',1,1),(310,'Resistencia de 39k a 0.25W','Resistencia','39k',1,1),(311,'Resistencia de 390k a 0.25W','Resistencia','390k',1,1),(312,'Resistencia de 3.9M a 0.25W','Resistencia','3.9M',1,1),(313,'Resistencia de 0.4 a 0.25W','Resistencia','0.4',1,1),(314,'Resistencia de 4.3 a 0.25W','Resistencia','4.3',1,1),(315,'Resistencia de 43 a 0.25W','Resistencia','43',1,1),(316,'Resistencia de 430 a 0.25W','Resistencia','430',1,1),(317,'Resistencia de 4.3k a 0.25W','Resistencia','4.3k',1,1),(318,'Resistencia de 43k a 0.25W','Resistencia','43k',1,1),(319,'Resistencia de 430k a 0.25W','Resistencia','430k',1,1),(320,'Resistencia de 4.3M a 0.25W','Resistencia','4.3M',1,1),(321,'Resistencia de 0.5 a 0.25W','Resistencia','0.5',1,1),(322,'Resistencia de 4.7 a 0.25W','Resistencia','4.7',1,1),(323,'Resistencia de 47 a 0.25W','Resistencia','47',1,1),(324,'Resistencia de 470 a 0.25W','Resistencia','470',1,1),(325,'Resistencia de 4.7k a 0.25W','Resistencia','4.7k',1,1),(326,'Resistencia de 47k a 0.25W','Resistencia','47k',1,1),(327,'Resistencia de 470k a 0.25W','Resistencia','470k',1,1),(328,'Resistencia de 4.7M a 0.25W','Resistencia','4.7M',1,1),(329,'Resistencia de 0.5 a 0.25W','Resistencia','0.5',1,1),(330,'Resistencia de 5.1 a 0.25W','Resistencia','5.1',1,1),(331,'Resistencia de 51 a 0.25W','Resistencia','51',1,1),(332,'Resistencia de 510 a 0.25W','Resistencia','510',1,1),(333,'Resistencia de 5.1k a 0.25W','Resistencia','5.1k',1,1),(334,'Resistencia de 51k a 0.25W','Resistencia','51k',1,1),(335,'Resistencia de 510k a 0.25W','Resistencia','510k',1,1),(336,'Resistencia de 5.1M a 0.25W','Resistencia','5.1M',1,1),(337,'Resistencia de 0.6 a 0.25W','Resistencia','0.6',1,1),(338,'Resistencia de 5.6 a 0.25W','Resistencia','5.6',1,1),(339,'Resistencia de 56 a 0.25W','Resistencia','56',1,1),(340,'Resistencia de 560 a 0.25W','Resistencia','560',1,1),(341,'Resistencia de 5.6k a 0.25W','Resistencia','5.6k',1,1),(342,'Resistencia de 56k a 0.25W','Resistencia','56k',1,1),(343,'Resistencia de 560k a 0.25W','Resistencia','560k',1,1),(344,'Resistencia de 5.6M a 0.25W','Resistencia','5.6M',1,1),(345,'Resistencia de 0.6 a 0.25W','Resistencia','0.6',1,1),(346,'Resistencia de 6.2 a 0.25W','Resistencia','6.2',1,1),(347,'Resistencia de 62 a 0.25W','Resistencia','62',1,1),(348,'Resistencia de 620 a 0.25W','Resistencia','620',1,1),(349,'Resistencia de 6.2k a 0.25W','Resistencia','6.2k',1,1),(350,'Resistencia de 62k a 0.25W','Resistencia','62k',1,1),(351,'Resistencia de 620k a 0.25W','Resistencia','620k',1,1),(352,'Resistencia de 6.2M a 0.25W','Resistencia','6.2M',1,1),(353,'Resistencia de 0.7 a 0.25W','Resistencia','0.7',1,1),(354,'Resistencia de 6.8 a 0.25W','Resistencia','6.8',1,1),(355,'Resistencia de 68 a 0.25W','Resistencia','68',1,1),(356,'Resistencia de 680 a 0.25W','Resistencia','680',1,1),(357,'Resistencia de 6.8k a 0.25W','Resistencia','6.8k',1,1),(358,'Resistencia de 68k a 0.25W','Resistencia','68k',1,1),(359,'Resistencia de 680k a 0.25W','Resistencia','680k',1,1),(360,'Resistencia de 6.8M a 0.25W','Resistencia','6.8M',1,1),(361,'Resistencia de 0.8 a 0.25W','Resistencia','0.8',1,1),(362,'Resistencia de 7.5 a 0.25W','Resistencia','7.5',1,1),(363,'Resistencia de 75 a 0.25W','Resistencia','75',1,1),(364,'Resistencia de 750 a 0.25W','Resistencia','750',1,1),(365,'Resistencia de 7.5k a 0.25W','Resistencia','7.5k',1,1),(366,'Resistencia de 75k a 0.25W','Resistencia','75k',1,1),(367,'Resistencia de 750k a 0.25W','Resistencia','750k',1,1),(368,'Resistencia de 7.5M a 0.25W','Resistencia','7.5M',1,1),(369,'Resistencia de 0.8 a 0.25W','Resistencia','0.8',1,1),(370,'Resistencia de 8.2 a 0.25W','Resistencia','8.2',1,1),(371,'Resistencia de 82 a 0.25W','Resistencia','82',1,1),(372,'Resistencia de 820 a 0.25W','Resistencia','820',1,1),(373,'Resistencia de 8.2k a 0.25W','Resistencia','8.2k',1,1),(374,'Resistencia de 82k a 0.25W','Resistencia','82k',1,1),(375,'Resistencia de 820k a 0.25W','Resistencia','820k',1,1),(376,'Resistencia de 8.2M a 0.25W','Resistencia','8.2M',1,1),(377,'Resistencia de 0.9 a 0.25W','Resistencia','0.9',1,1),(378,'Resistencia de 9.1 a 0.25W','Resistencia','9.1',1,1),(379,'Resistencia de 91 a 0.25W','Resistencia','91',1,1),(380,'Resistencia de 910 a 0.25W','Resistencia','910',1,1),(381,'Resistencia de 9.1k a 0.25W','Resistencia','9.1k',1,1),(382,'Resistencia de 91k a 0.25W','Resistencia','91k',1,1),(383,'Resistencia de 910k a 0.25W','Resistencia','910k',1,1),(384,'Resistencia de 9.1M a 0.25W','Resistencia','9.1M',1,1),(385,'Resistencia de 0.1 a 0.5W','Resistencia','0.1',1,1),(386,'Resistencia de 1 a 0.5W','Resistencia','1',1,1),(387,'Resistencia de 10 a 0.5W','Resistencia','10',1,1),(388,'Resistencia de 100 a 0.5W','Resistencia','100',1,1),(389,'Resistencia de 1k a 0.5W','Resistencia','1k',1,1),(390,'Resistencia de 10k a 0.5W','Resistencia','10k',1,1),(391,'Resistencia de 100k a 0.5W','Resistencia','100k',1,1),(392,'Resistencia de 1M a 0.5W','Resistencia','1M',1,1),(393,'Resistencia de 0.1 a 0.5W','Resistencia','0.1',1,1),(394,'Resistencia de 1.1 a 0.5W','Resistencia','1.1',1,1),(395,'Resistencia de 11 a 0.5W','Resistencia','11',1,1),(396,'Resistencia de 110 a 0.5W','Resistencia','110',1,1),(397,'Resistencia de 1.1k a 0.5W','Resistencia','1.1k',1,1),(398,'Resistencia de 11k a 0.5W','Resistencia','11k',1,1),(399,'Resistencia de 110k a 0.5W','Resistencia','110k',1,1),(400,'Resistencia de 1.1M a 0.5W','Resistencia','1.1M',1,1),(401,'Resistencia de 0.1 a 0.5W','Resistencia','0.1',1,1),(402,'Resistencia de 1.2 a 0.5W','Resistencia','1.2',1,1),(403,'Resistencia de 12 a 0.5W','Resistencia','12',1,1),(404,'Resistencia de 120 a 0.5W','Resistencia','120',1,1),(405,'Resistencia de 1.2k a 0.5W','Resistencia','1.2k',1,1),(406,'Resistencia de 12k a 0.5W','Resistencia','12k',1,1),(407,'Resistencia de 120k a 0.5W','Resistencia','120k',1,1),(408,'Resistencia de 1.2M a 0.5W','Resistencia','1.2M',1,1),(409,'Resistencia de 0.1 a 0.5W','Resistencia','0.1',1,1),(410,'Resistencia de 1.3 a 0.5W','Resistencia','1.3',1,1),(411,'Resistencia de 13 a 0.5W','Resistencia','13',1,1),(412,'Resistencia de 130 a 0.5W','Resistencia','130',1,1),(413,'Resistencia de 1.3k a 0.5W','Resistencia','1.3k',1,1),(414,'Resistencia de 13k a 0.5W','Resistencia','13k',1,1),(415,'Resistencia de 130k a 0.5W','Resistencia','130k',1,1),(416,'Resistencia de 1.3M a 0.5W','Resistencia','1.3M',1,1),(417,'Resistencia de 0.2 a 0.5W','Resistencia','0.2',1,1),(418,'Resistencia de 1.5 a 0.5W','Resistencia','1.5',1,1),(419,'Resistencia de 15 a 0.5W','Resistencia','15',1,1),(420,'Resistencia de 150 a 0.5W','Resistencia','150',1,1),(421,'Resistencia de 1.5k a 0.5W','Resistencia','1.5k',1,1),(422,'Resistencia de 15k a 0.5W','Resistencia','15k',1,1),(423,'Resistencia de 150k a 0.5W','Resistencia','150k',1,1),(424,'Resistencia de 1.5M a 0.5W','Resistencia','1.5M',1,1),(425,'Resistencia de 0.2 a 0.5W','Resistencia','0.2',1,1),(426,'Resistencia de 1.6 a 0.5W','Resistencia','1.6',1,1),(427,'Resistencia de 16 a 0.5W','Resistencia','16',1,1),(428,'Resistencia de 160 a 0.5W','Resistencia','160',1,1),(429,'Resistencia de 1.6k a 0.5W','Resistencia','1.6k',1,1),(430,'Resistencia de 16k a 0.5W','Resistencia','16k',1,1),(431,'Resistencia de 160k a 0.5W','Resistencia','160k',1,1),(432,'Resistencia de 1.6M a 0.5W','Resistencia','1.6M',1,1),(433,'Resistencia de 0.2 a 0.5W','Resistencia','0.2',1,1),(434,'Resistencia de 1.8 a 0.5W','Resistencia','1.8',1,1),(435,'Resistencia de 18 a 0.5W','Resistencia','18',1,1),(436,'Resistencia de 180 a 0.5W','Resistencia','180',1,1),(437,'Resistencia de 1.8k a 0.5W','Resistencia','1.8k',1,1),(438,'Resistencia de 18k a 0.5W','Resistencia','18k',1,1),(439,'Resistencia de 180k a 0.5W','Resistencia','180k',1,1),(440,'Resistencia de 1.8M a 0.5W','Resistencia','1.8M',1,1),(441,'Resistencia de 0.2 a 0.5W','Resistencia','0.2',1,1),(442,'Resistencia de 2 a 0.5W','Resistencia','2',1,1),(443,'Resistencia de 20 a 0.5W','Resistencia','20',1,1),(444,'Resistencia de 200 a 0.5W','Resistencia','200',1,1),(445,'Resistencia de 2k a 0.5W','Resistencia','2k',1,1),(446,'Resistencia de 20k a 0.5W','Resistencia','20k',1,1),(447,'Resistencia de 200k a 0.5W','Resistencia','200k',1,1),(448,'Resistencia de 2M a 0.5W','Resistencia','2M',1,1),(449,'Resistencia de 0.2 a 0.5W','Resistencia','0.2',1,1),(450,'Resistencia de 2.2 a 0.5W','Resistencia','2.2',1,1),(451,'Resistencia de 22 a 0.5W','Resistencia','22',1,1),(452,'Resistencia de 220 a 0.5W','Resistencia','220',1,1),(453,'Resistencia de 2.2k a 0.5W','Resistencia','2.2k',1,1),(454,'Resistencia de 22k a 0.5W','Resistencia','22k',1,1),(455,'Resistencia de 220k a 0.5W','Resistencia','220k',1,1),(456,'Resistencia de 2.2M a 0.5W','Resistencia','2.2M',1,1),(457,'Resistencia de 0.2 a 0.5W','Resistencia','0.2',1,1),(458,'Resistencia de 2.4 a 0.5W','Resistencia','2.4',1,1),(459,'Resistencia de 24 a 0.5W','Resistencia','24',1,1),(460,'Resistencia de 240 a 0.5W','Resistencia','240',1,1),(461,'Resistencia de 2.4k a 0.5W','Resistencia','2.4k',1,1),(462,'Resistencia de 24k a 0.5W','Resistencia','24k',1,1),(463,'Resistencia de 240k a 0.5W','Resistencia','240k',1,1),(464,'Resistencia de 2.4M a 0.5W','Resistencia','2.4M',1,1),(465,'Resistencia de 0.3 a 0.5W','Resistencia','0.3',1,1),(466,'Resistencia de 2.7 a 0.5W','Resistencia','2.7',1,1),(467,'Resistencia de 27 a 0.5W','Resistencia','27',1,1),(468,'Resistencia de 270 a 0.5W','Resistencia','270',1,1),(469,'Resistencia de 2.7k a 0.5W','Resistencia','2.7k',1,1),(470,'Resistencia de 27k a 0.5W','Resistencia','27k',1,1),(471,'Resistencia de 270k a 0.5W','Resistencia','270k',1,1),(472,'Resistencia de 2.7M a 0.5W','Resistencia','2.7M',1,1),(473,'Resistencia de 0.3 a 0.5W','Resistencia','0.3',1,1),(474,'Resistencia de 3 a 0.5W','Resistencia','3',1,1),(475,'Resistencia de 30 a 0.5W','Resistencia','30',1,1),(476,'Resistencia de 300 a 0.5W','Resistencia','300',1,1),(477,'Resistencia de 3k a 0.5W','Resistencia','3k',1,1),(478,'Resistencia de 30k a 0.5W','Resistencia','30k',1,1),(479,'Resistencia de 300k a 0.5W','Resistencia','300k',1,1),(480,'Resistencia de 3M a 0.5W','Resistencia','3M',1,1),(481,'Resistencia de 0.3 a 0.5W','Resistencia','0.3',1,1),(482,'Resistencia de 3.3 a 0.5W','Resistencia','3.3',1,1),(483,'Resistencia de 33 a 0.5W','Resistencia','33',1,1),(484,'Resistencia de 330 a 0.5W','Resistencia','330',1,1),(485,'Resistencia de 3.3k a 0.5W','Resistencia','3.3k',1,1),(486,'Resistencia de 33k a 0.5W','Resistencia','33k',1,1),(487,'Resistencia de 330k a 0.5W','Resistencia','330k',1,1),(488,'Resistencia de 3.3M a 0.5W','Resistencia','3.3M',1,1),(489,'Resistencia de 0.4 a 0.5W','Resistencia','0.4',1,1),(490,'Resistencia de 3.6 a 0.5W','Resistencia','3.6',1,1),(491,'Resistencia de 36 a 0.5W','Resistencia','36',1,1),(492,'Resistencia de 360 a 0.5W','Resistencia','360',1,1),(493,'Resistencia de 3.6k a 0.5W','Resistencia','3.6k',1,1),(494,'Resistencia de 36k a 0.5W','Resistencia','36k',1,1),(495,'Resistencia de 360k a 0.5W','Resistencia','360k',1,1),(496,'Resistencia de 3.6M a 0.5W','Resistencia','3.6M',1,1),(497,'Resistencia de 0.4 a 0.5W','Resistencia','0.4',1,1),(498,'Resistencia de 3.9 a 0.5W','Resistencia','3.9',1,1),(499,'Resistencia de 39 a 0.5W','Resistencia','39',1,1),(500,'Resistencia de 390 a 0.5W','Resistencia','390',1,1),(501,'Resistencia de 3.9k a 0.5W','Resistencia','3.9k',1,1),(502,'Resistencia de 39k a 0.5W','Resistencia','39k',1,1),(503,'Resistencia de 390k a 0.5W','Resistencia','390k',1,1),(504,'Resistencia de 3.9M a 0.5W','Resistencia','3.9M',1,1),(505,'Resistencia de 0.4 a 0.5W','Resistencia','0.4',1,1),(506,'Resistencia de 4.3 a 0.5W','Resistencia','4.3',1,1),(507,'Resistencia de 43 a 0.5W','Resistencia','43',1,1),(508,'Resistencia de 430 a 0.5W','Resistencia','430',1,1),(509,'Resistencia de 4.3k a 0.5W','Resistencia','4.3k',1,1),(510,'Resistencia de 43k a 0.5W','Resistencia','43k',1,1),(511,'Resistencia de 430k a 0.5W','Resistencia','430k',1,1),(512,'Resistencia de 4.3M a 0.5W','Resistencia','4.3M',1,1),(513,'Resistencia de 0.5 a 0.5W','Resistencia','0.5',1,1),(514,'Resistencia de 4.7 a 0.5W','Resistencia','4.7',1,1),(515,'Resistencia de 47 a 0.5W','Resistencia','47',1,1),(516,'Resistencia de 470 a 0.5W','Resistencia','470',1,1),(517,'Resistencia de 4.7k a 0.5W','Resistencia','4.7k',1,1),(518,'Resistencia de 47k a 0.5W','Resistencia','47k',1,1),(519,'Resistencia de 470k a 0.5W','Resistencia','470k',1,1),(520,'Resistencia de 4.7M a 0.5W','Resistencia','4.7M',1,1),(521,'Resistencia de 0.5 a 0.5W','Resistencia','0.5',1,1),(522,'Resistencia de 5.1 a 0.5W','Resistencia','5.1',1,1),(523,'Resistencia de 51 a 0.5W','Resistencia','51',1,1),(524,'Resistencia de 510 a 0.5W','Resistencia','510',1,1),(525,'Resistencia de 5.1k a 0.5W','Resistencia','5.1k',1,1),(526,'Resistencia de 51k a 0.5W','Resistencia','51k',1,1),(527,'Resistencia de 510k a 0.5W','Resistencia','510k',1,1),(528,'Resistencia de 5.1M a 0.5W','Resistencia','5.1M',1,1),(529,'Resistencia de 0.6 a 0.5W','Resistencia','0.6',1,1),(530,'Resistencia de 5.6 a 0.5W','Resistencia','5.6',1,1),(531,'Resistencia de 56 a 0.5W','Resistencia','56',1,1),(532,'Resistencia de 560 a 0.5W','Resistencia','560',1,1),(533,'Resistencia de 5.6k a 0.5W','Resistencia','5.6k',1,1),(534,'Resistencia de 56k a 0.5W','Resistencia','56k',1,1),(535,'Resistencia de 560k a 0.5W','Resistencia','560k',1,1),(536,'Resistencia de 5.6M a 0.5W','Resistencia','5.6M',1,1),(537,'Resistencia de 0.6 a 0.5W','Resistencia','0.6',1,1),(538,'Resistencia de 6.2 a 0.5W','Resistencia','6.2',1,1),(539,'Resistencia de 62 a 0.5W','Resistencia','62',1,1),(540,'Resistencia de 620 a 0.5W','Resistencia','620',1,1),(541,'Resistencia de 6.2k a 0.5W','Resistencia','6.2k',1,1),(542,'Resistencia de 62k a 0.5W','Resistencia','62k',1,1),(543,'Resistencia de 620k a 0.5W','Resistencia','620k',1,1),(544,'Resistencia de 6.2M a 0.5W','Resistencia','6.2M',1,1),(545,'Resistencia de 0.7 a 0.5W','Resistencia','0.7',1,1),(546,'Resistencia de 6.8 a 0.5W','Resistencia','6.8',1,1),(547,'Resistencia de 68 a 0.5W','Resistencia','68',1,1),(548,'Resistencia de 680 a 0.5W','Resistencia','680',1,1),(549,'Resistencia de 6.8k a 0.5W','Resistencia','6.8k',1,1),(550,'Resistencia de 68k a 0.5W','Resistencia','68k',1,1),(551,'Resistencia de 680k a 0.5W','Resistencia','680k',1,1),(552,'Resistencia de 6.8M a 0.5W','Resistencia','6.8M',1,1),(553,'Resistencia de 0.8 a 0.5W','Resistencia','0.8',1,1),(554,'Resistencia de 7.5 a 0.5W','Resistencia','7.5',1,1),(555,'Resistencia de 75 a 0.5W','Resistencia','75',1,1),(556,'Resistencia de 750 a 0.5W','Resistencia','750',1,1),(557,'Resistencia de 7.5k a 0.5W','Resistencia','7.5k',1,1),(558,'Resistencia de 75k a 0.5W','Resistencia','75k',1,1),(559,'Resistencia de 750k a 0.5W','Resistencia','750k',1,1),(560,'Resistencia de 7.5M a 0.5W','Resistencia','7.5M',1,1),(561,'Resistencia de 0.8 a 0.5W','Resistencia','0.8',1,1),(562,'Resistencia de 8.2 a 0.5W','Resistencia','8.2',1,1),(563,'Resistencia de 82 a 0.5W','Resistencia','82',1,1),(564,'Resistencia de 820 a 0.5W','Resistencia','820',1,1),(565,'Resistencia de 8.2k a 0.5W','Resistencia','8.2k',1,1),(566,'Resistencia de 82k a 0.5W','Resistencia','82k',1,1),(567,'Resistencia de 820k a 0.5W','Resistencia','820k',1,1),(568,'Resistencia de 8.2M a 0.5W','Resistencia','8.2M',1,1),(569,'Resistencia de 0.9 a 0.5W','Resistencia','0.9',1,1),(570,'Resistencia de 9.1 a 0.5W','Resistencia','9.1',1,1),(571,'Resistencia de 91 a 0.5W','Resistencia','91',1,1),(572,'Resistencia de 910 a 0.5W','Resistencia','910',1,1),(573,'Resistencia de 9.1k a 0.5W','Resistencia','9.1k',1,1),(574,'Resistencia de 91k a 0.5W','Resistencia','91k',1,1),(575,'Resistencia de 910k a 0.5W','Resistencia','910k',1,1),(576,'Resistencia de 9.1M a 0.5W','Resistencia','9.1M',1,1),(577,'Resistencia de 0.1 a 1W','Resistencia','0.1',1,1),(578,'Resistencia de 1 a 1W','Resistencia','1',1,1),(579,'Resistencia de 10 a 1W','Resistencia','10',1,1),(580,'Resistencia de 100 a 1W','Resistencia','100',1,1),(581,'Resistencia de 1k a 1W','Resistencia','1k',1,1),(582,'Resistencia de 10k a 1W','Resistencia','10k',1,1),(583,'Resistencia de 100k a 1W','Resistencia','100k',1,1),(584,'Resistencia de 1M a 1W','Resistencia','1M',1,1),(585,'Resistencia de 0.1 a 1W','Resistencia','0.1',1,1),(586,'Resistencia de 1.1 a 1W','Resistencia','1.1',1,1),(587,'Resistencia de 11 a 1W','Resistencia','11',1,1),(588,'Resistencia de 110 a 1W','Resistencia','110',1,1),(589,'Resistencia de 1.1k a 1W','Resistencia','1.1k',1,1),(590,'Resistencia de 11k a 1W','Resistencia','11k',1,1),(591,'Resistencia de 110k a 1W','Resistencia','110k',1,1),(592,'Resistencia de 1.1M a 1W','Resistencia','1.1M',1,1),(593,'Resistencia de 0.1 a 1W','Resistencia','0.1',1,1),(594,'Resistencia de 1.2 a 1W','Resistencia','1.2',1,1),(595,'Resistencia de 12 a 1W','Resistencia','12',1,1),(596,'Resistencia de 120 a 1W','Resistencia','120',1,1),(597,'Resistencia de 1.2k a 1W','Resistencia','1.2k',1,1),(598,'Resistencia de 12k a 1W','Resistencia','12k',1,1),(599,'Resistencia de 120k a 1W','Resistencia','120k',1,1),(600,'Resistencia de 1.2M a 1W','Resistencia','1.2M',1,1),(601,'Resistencia de 0.1 a 1W','Resistencia','0.1',1,1),(602,'Resistencia de 1.3 a 1W','Resistencia','1.3',1,1),(603,'Resistencia de 13 a 1W','Resistencia','13',1,1),(604,'Resistencia de 130 a 1W','Resistencia','130',1,1),(605,'Resistencia de 1.3k a 1W','Resistencia','1.3k',1,1),(606,'Resistencia de 13k a 1W','Resistencia','13k',1,1),(607,'Resistencia de 130k a 1W','Resistencia','130k',1,1),(608,'Resistencia de 1.3M a 1W','Resistencia','1.3M',1,1),(609,'Resistencia de 0.2 a 1W','Resistencia','0.2',1,1),(610,'Resistencia de 1.5 a 1W','Resistencia','1.5',1,1),(611,'Resistencia de 15 a 1W','Resistencia','15',1,1),(612,'Resistencia de 150 a 1W','Resistencia','150',1,1),(613,'Resistencia de 1.5k a 1W','Resistencia','1.5k',1,1),(614,'Resistencia de 15k a 1W','Resistencia','15k',1,1),(615,'Resistencia de 150k a 1W','Resistencia','150k',1,1),(616,'Resistencia de 1.5M a 1W','Resistencia','1.5M',1,1),(617,'Resistencia de 0.2 a 1W','Resistencia','0.2',1,1),(618,'Resistencia de 1.6 a 1W','Resistencia','1.6',1,1),(619,'Resistencia de 16 a 1W','Resistencia','16',1,1),(620,'Resistencia de 160 a 1W','Resistencia','160',1,1),(621,'Resistencia de 1.6k a 1W','Resistencia','1.6k',1,1),(622,'Resistencia de 16k a 1W','Resistencia','16k',1,1),(623,'Resistencia de 160k a 1W','Resistencia','160k',1,1),(624,'Resistencia de 1.6M a 1W','Resistencia','1.6M',1,1),(625,'Resistencia de 0.2 a 1W','Resistencia','0.2',1,1),(626,'Resistencia de 1.8 a 1W','Resistencia','1.8',1,1),(627,'Resistencia de 18 a 1W','Resistencia','18',1,1),(628,'Resistencia de 180 a 1W','Resistencia','180',1,1),(629,'Resistencia de 1.8k a 1W','Resistencia','1.8k',1,1),(630,'Resistencia de 18k a 1W','Resistencia','18k',1,1),(631,'Resistencia de 180k a 1W','Resistencia','180k',1,1),(632,'Resistencia de 1.8M a 1W','Resistencia','1.8M',1,1),(633,'Resistencia de 0.2 a 1W','Resistencia','0.2',1,1),(634,'Resistencia de 2 a 1W','Resistencia','2',1,1),(635,'Resistencia de 20 a 1W','Resistencia','20',1,1),(636,'Resistencia de 200 a 1W','Resistencia','200',1,1),(637,'Resistencia de 2k a 1W','Resistencia','2k',1,1),(638,'Resistencia de 20k a 1W','Resistencia','20k',1,1),(639,'Resistencia de 200k a 1W','Resistencia','200k',1,1),(640,'Resistencia de 2M a 1W','Resistencia','2M',1,1),(641,'Resistencia de 0.2 a 1W','Resistencia','0.2',1,1),(642,'Resistencia de 2.2 a 1W','Resistencia','2.2',1,1),(643,'Resistencia de 22 a 1W','Resistencia','22',1,1),(644,'Resistencia de 220 a 1W','Resistencia','220',1,1),(645,'Resistencia de 2.2k a 1W','Resistencia','2.2k',1,1),(646,'Resistencia de 22k a 1W','Resistencia','22k',1,1),(647,'Resistencia de 220k a 1W','Resistencia','220k',1,1),(648,'Resistencia de 2.2M a 1W','Resistencia','2.2M',1,1),(649,'Resistencia de 0.2 a 1W','Resistencia','0.2',1,1),(650,'Resistencia de 2.4 a 1W','Resistencia','2.4',1,1),(651,'Resistencia de 24 a 1W','Resistencia','24',1,1),(652,'Resistencia de 240 a 1W','Resistencia','240',1,1),(653,'Resistencia de 2.4k a 1W','Resistencia','2.4k',1,1),(654,'Resistencia de 24k a 1W','Resistencia','24k',1,1),(655,'Resistencia de 240k a 1W','Resistencia','240k',1,1),(656,'Resistencia de 2.4M a 1W','Resistencia','2.4M',1,1),(657,'Resistencia de 0.3 a 1W','Resistencia','0.3',1,1),(658,'Resistencia de 2.7 a 1W','Resistencia','2.7',1,1),(659,'Resistencia de 27 a 1W','Resistencia','27',1,1),(660,'Resistencia de 270 a 1W','Resistencia','270',1,1),(661,'Resistencia de 2.7k a 1W','Resistencia','2.7k',1,1),(662,'Resistencia de 27k a 1W','Resistencia','27k',1,1),(663,'Resistencia de 270k a 1W','Resistencia','270k',1,1),(664,'Resistencia de 2.7M a 1W','Resistencia','2.7M',1,1),(665,'Resistencia de 0.3 a 1W','Resistencia','0.3',1,1),(666,'Resistencia de 3 a 1W','Resistencia','3',1,1),(667,'Resistencia de 30 a 1W','Resistencia','30',1,1),(668,'Resistencia de 300 a 1W','Resistencia','300',1,1),(669,'Resistencia de 3k a 1W','Resistencia','3k',1,1),(670,'Resistencia de 30k a 1W','Resistencia','30k',1,1),(671,'Resistencia de 300k a 1W','Resistencia','300k',1,1),(672,'Resistencia de 3M a 1W','Resistencia','3M',1,1),(673,'Resistencia de 0.3 a 1W','Resistencia','0.3',1,1),(674,'Resistencia de 3.3 a 1W','Resistencia','3.3',1,1),(675,'Resistencia de 33 a 1W','Resistencia','33',1,1),(676,'Resistencia de 330 a 1W','Resistencia','330',1,1),(677,'Resistencia de 3.3k a 1W','Resistencia','3.3k',1,1),(678,'Resistencia de 33k a 1W','Resistencia','33k',1,1),(679,'Resistencia de 330k a 1W','Resistencia','330k',1,1),(680,'Resistencia de 3.3M a 1W','Resistencia','3.3M',1,1),(681,'Resistencia de 0.4 a 1W','Resistencia','0.4',1,1),(682,'Resistencia de 3.6 a 1W','Resistencia','3.6',1,1),(683,'Resistencia de 36 a 1W','Resistencia','36',1,1),(684,'Resistencia de 360 a 1W','Resistencia','360',1,1),(685,'Resistencia de 3.6k a 1W','Resistencia','3.6k',1,1),(686,'Resistencia de 36k a 1W','Resistencia','36k',1,1),(687,'Resistencia de 360k a 1W','Resistencia','360k',1,1),(688,'Resistencia de 3.6M a 1W','Resistencia','3.6M',1,1),(689,'Resistencia de 0.4 a 1W','Resistencia','0.4',1,1),(690,'Resistencia de 3.9 a 1W','Resistencia','3.9',1,1),(691,'Resistencia de 39 a 1W','Resistencia','39',1,1),(692,'Resistencia de 390 a 1W','Resistencia','390',1,1),(693,'Resistencia de 3.9k a 1W','Resistencia','3.9k',1,1),(694,'Resistencia de 39k a 1W','Resistencia','39k',1,1),(695,'Resistencia de 390k a 1W','Resistencia','390k',1,1),(696,'Resistencia de 3.9M a 1W','Resistencia','3.9M',1,1),(697,'Resistencia de 0.4 a 1W','Resistencia','0.4',1,1),(698,'Resistencia de 4.3 a 1W','Resistencia','4.3',1,1),(699,'Resistencia de 43 a 1W','Resistencia','43',1,1),(700,'Resistencia de 430 a 1W','Resistencia','430',1,1),(701,'Resistencia de 4.3k a 1W','Resistencia','4.3k',1,1),(702,'Resistencia de 43k a 1W','Resistencia','43k',1,1),(703,'Resistencia de 430k a 1W','Resistencia','430k',1,1),(704,'Resistencia de 4.3M a 1W','Resistencia','4.3M',1,1),(705,'Resistencia de 0.5 a 1W','Resistencia','0.5',1,1),(706,'Resistencia de 4.7 a 1W','Resistencia','4.7',1,1),(707,'Resistencia de 47 a 1W','Resistencia','47',1,1),(708,'Resistencia de 470 a 1W','Resistencia','470',1,1),(709,'Resistencia de 4.7k a 1W','Resistencia','4.7k',1,1),(710,'Resistencia de 47k a 1W','Resistencia','47k',1,1),(711,'Resistencia de 470k a 1W','Resistencia','470k',1,1),(712,'Resistencia de 4.7M a 1W','Resistencia','4.7M',1,1),(713,'Resistencia de 0.5 a 1W','Resistencia','0.5',1,1),(714,'Resistencia de 5.1 a 1W','Resistencia','5.1',1,1),(715,'Resistencia de 51 a 1W','Resistencia','51',1,1),(716,'Resistencia de 510 a 1W','Resistencia','510',1,1),(717,'Resistencia de 5.1k a 1W','Resistencia','5.1k',1,1),(718,'Resistencia de 51k a 1W','Resistencia','51k',1,1),(719,'Resistencia de 510k a 1W','Resistencia','510k',1,1),(720,'Resistencia de 5.1M a 1W','Resistencia','5.1M',1,1),(721,'Resistencia de 0.6 a 1W','Resistencia','0.6',1,1),(722,'Resistencia de 5.6 a 1W','Resistencia','5.6',1,1),(723,'Resistencia de 56 a 1W','Resistencia','56',1,1),(724,'Resistencia de 560 a 1W','Resistencia','560',1,1),(725,'Resistencia de 5.6k a 1W','Resistencia','5.6k',1,1),(726,'Resistencia de 56k a 1W','Resistencia','56k',1,1),(727,'Resistencia de 560k a 1W','Resistencia','560k',1,1),(728,'Resistencia de 5.6M a 1W','Resistencia','5.6M',1,1),(729,'Resistencia de 0.6 a 1W','Resistencia','0.6',1,1),(730,'Resistencia de 6.2 a 1W','Resistencia','6.2',1,1),(731,'Resistencia de 62 a 1W','Resistencia','62',1,1),(732,'Resistencia de 620 a 1W','Resistencia','620',1,1),(733,'Resistencia de 6.2k a 1W','Resistencia','6.2k',1,1),(734,'Resistencia de 62k a 1W','Resistencia','62k',1,1),(735,'Resistencia de 620k a 1W','Resistencia','620k',1,1),(736,'Resistencia de 6.2M a 1W','Resistencia','6.2M',1,1),(737,'Resistencia de 0.7 a 1W','Resistencia','0.7',1,1),(738,'Resistencia de 6.8 a 1W','Resistencia','6.8',1,1),(739,'Resistencia de 68 a 1W','Resistencia','68',1,1),(740,'Resistencia de 680 a 1W','Resistencia','680',1,1),(741,'Resistencia de 6.8k a 1W','Resistencia','6.8k',1,1),(742,'Resistencia de 68k a 1W','Resistencia','68k',1,1),(743,'Resistencia de 680k a 1W','Resistencia','680k',1,1),(744,'Resistencia de 6.8M a 1W','Resistencia','6.8M',1,1),(745,'Resistencia de 0.8 a 1W','Resistencia','0.8',1,1),(746,'Resistencia de 7.5 a 1W','Resistencia','7.5',1,1),(747,'Resistencia de 75 a 1W','Resistencia','75',1,1),(748,'Resistencia de 750 a 1W','Resistencia','750',1,1),(749,'Resistencia de 7.5k a 1W','Resistencia','7.5k',1,1),(750,'Resistencia de 75k a 1W','Resistencia','75k',1,1),(751,'Resistencia de 750k a 1W','Resistencia','750k',1,1),(752,'Resistencia de 7.5M a 1W','Resistencia','7.5M',1,1),(753,'Resistencia de 0.8 a 1W','Resistencia','0.8',1,1),(754,'Resistencia de 8.2 a 1W','Resistencia','8.2',1,1),(755,'Resistencia de 82 a 1W','Resistencia','82',1,1),(756,'Resistencia de 820 a 1W','Resistencia','820',1,1),(757,'Resistencia de 8.2k a 1W','Resistencia','8.2k',1,1),(758,'Resistencia de 82k a 1W','Resistencia','82k',1,1),(759,'Resistencia de 820k a 1W','Resistencia','820k',1,1),(760,'Resistencia de 8.2M a 1W','Resistencia','8.2M',1,1),(761,'Resistencia de 0.9 a 1W','Resistencia','0.9',1,1),(762,'Resistencia de 9.1 a 1W','Resistencia','9.1',1,1),(763,'Resistencia de 91 a 1W','Resistencia','91',1,1),(764,'Resistencia de 910 a 1W','Resistencia','910',1,1),(765,'Resistencia de 9.1k a 1W','Resistencia','9.1k',1,1),(766,'Resistencia de 91k a 1W','Resistencia','91k',1,1),(767,'Resistencia de 910k a 1W','Resistencia','910k',1,1),(768,'Resistencia de 9.1M a 1W','Resistencia','9.1M',1,1),(769,'Capacitor Cerámico de 10pF a 50V','Capacitor','10p',2,2),(770,'Capacitor Cerámico de 12pF a 50V','Capacitor','12p',2,2),(771,'Capacitor Cerámico de 15pF a 50V','Capacitor','15p',2,2),(772,'Capacitor Cerámico de 18pF a 50V','Capacitor','18p',2,2),(773,'Capacitor Cerámico de 22pF a 50V','Capacitor','22p',2,2),(774,'Capacitor Cerámico de 27pF a 50V','Capacitor','27p',2,2),(775,'Capacitor Cerámico de 33pF a 50V','Capacitor','33p',2,2),(776,'Capacitor Cerámico de 39pF a 50V','Capacitor','39p',2,2),(777,'Capacitor Cerámico de 47pF a 50V','Capacitor','47p',2,2),(778,'Capacitor Cerámico de 56pF a 50V','Capacitor','56p',2,2),(779,'Capacitor Cerámico de 68pF a 50V','Capacitor','68p',2,2),(780,'Capacitor Cerámico de 82pF a 50V','Capacitor','82p',2,2),(781,'Capacitor Cerámico de 100pF a 50V','Capacitor','100p',2,2),(782,'Capacitor Cerámico de 120pF a 50V','Capacitor','120p',2,2),(783,'Capacitor Cerámico de 150pF a 50V','Capacitor','150p',2,2),(784,'Capacitor Cerámico de 180pF a 50V','Capacitor','180p',2,2),(785,'Capacitor Cerámico de 220pF a 50V','Capacitor','220p',2,2),(786,'Capacitor Cerámico de 270pF a 50V','Capacitor','270p',2,2),(787,'Capacitor Cerámico de 330pF a 50V','Capacitor','330p',2,2),(788,'Capacitor Cerámico de 390pF a 50V','Capacitor','390p',2,2),(789,'Capacitor Cerámico de 470pF a 50V','Capacitor','470p',2,2),(790,'Capacitor Cerámico de 560pF a 50V','Capacitor','560p',2,2),(791,'Capacitor Cerámico de 680pF a 50V','Capacitor','680p',2,2),(792,'Capacitor Cerámico de 820pF a 50V','Capacitor','820p',2,2),(793,'Capacitor Cerámico de 1nF a 50V','Capacitor','1n',2,2),(794,'Capacitor Cerámico de 1.2nF a 50V','Capacitor','1.2n',2,2),(795,'Capacitor Cerámico de 1.5nF a 50V','Capacitor','1.5n',2,2),(796,'Capacitor Cerámico de 1.8nF a 50V','Capacitor','1.8n',2,2),(797,'Capacitor Cerámico de 2.2nF a 50V','Capacitor','2.2n',2,2),(798,'Capacitor Cerámico de 2.7nF a 50V','Capacitor','2.7n',2,2),(799,'Capacitor Cerámico de 3.3nF a 50V','Capacitor','3.3n',2,2),(800,'Capacitor Cerámico de 3.9nF a 50V','Capacitor','3.9n',2,2),(801,'Capacitor Cerámico de 4.7nF a 50V','Capacitor','4.7n',2,2),(802,'Capacitor Cerámico de 5.6nF a 50V','Capacitor','5.6n',2,2),(803,'Capacitor Cerámico de 6.8nF a 50V','Capacitor','6.8n',2,2),(804,'Capacitor Cerámico de 8.2nF a 50V','Capacitor','8.2n',2,2),(805,'Capacitor Cerámico de 10nF a 50V','Capacitor','10n',2,2),(806,'Capacitor Cerámico de 12nF a 50V','Capacitor','12n',2,2),(807,'Capacitor Cerámico de 15nF a 50V','Capacitor','15n',2,2),(808,'Capacitor Cerámico de 18nF a 50V','Capacitor','18n',2,2),(809,'Capacitor Cerámico de 22nF a 50V','Capacitor','22n',2,2),(810,'Capacitor Cerámico de 27nF a 50V','Capacitor','27n',2,2),(811,'Capacitor Cerámico de 33nF a 50V','Capacitor','33n',2,2),(812,'Capacitor Cerámico de 39nF a 50V','Capacitor','39n',2,2),(813,'Capacitor Cerámico de 47nF a 50V','Capacitor','47n',2,2),(814,'Capacitor Cerámico de 56nF a 50V','Capacitor','56n',2,2),(815,'Capacitor Cerámico de 68nF a 50V','Capacitor','68n',2,2),(816,'Capacitor Cerámico de 82nF a 50V','Capacitor','82n',2,2),(817,'Capacitor Cerámico de 100nF a 50V','Capacitor','100n',2,2),(818,'Capacitor Cerámico de 120nF a 50V','Capacitor','120n',2,2),(819,'Capacitor Cerámico de 150nF a 50V','Capacitor','150n',2,2),(820,'Capacitor Cerámico de 180nF a 50V','Capacitor','180n',2,2),(821,'Capacitor Cerámico de 220nF a 50V','Capacitor','220n',2,2),(822,'Capacitor Cerámico de 270nF a 50V','Capacitor','270n',2,2),(823,'Capacitor Cerámico de 330nF a 50V','Capacitor','330n',2,2),(824,'Capacitor Cerámico de 390nF a 50V','Capacitor','390n',2,2),(825,'Capacitor Cerámico de 470nF a 50V','Capacitor','470n',2,2),(826,'Capacitor Cerámico de 560nF a 50V','Capacitor','560n',2,2),(827,'Capacitor Cerámico de 680nF a 50V','Capacitor','680n',2,2),(828,'Capacitor Cerámico de 820nF a 50V','Capacitor','820n',2,2),(829,'Capacitor Cerámico de 1uF a 50V','Capacitor','1u',2,2),(830,'Capacitor Cerámico de 1.2uF a 50V','Capacitor','1.2u',2,2),(831,'Capacitor Cerámico de 1.5uF a 50V','Capacitor','1.5u',2,2),(832,'Capacitor Cerámico de 1.8uF a 50V','Capacitor','1.8u',2,2),(833,'Capacitor Cerámico de 2.2uF a 50V','Capacitor','2.2u',2,2),(834,'Capacitor Cerámico de 2.7uF a 50V','Capacitor','2.7u',2,2),(835,'Capacitor Cerámico de 3.3uF a 50V','Capacitor','3.3u',2,2),(836,'Capacitor Cerámico de 3.9uF a 50V','Capacitor','3.9u',2,2),(837,'Capacitor Cerámico de 4.7uF a 50V','Capacitor','4.7u',2,2),(838,'Capacitor Cerámico de 5.6uF a 50V','Capacitor','5.6u',2,2),(839,'Capacitor Cerámico de 6.8uF a 50V','Capacitor','6.8u',2,2),(840,'Capacitor Cerámico de 8.2uF a 50V','Capacitor','8.2u',2,2),(841,'Capacitor Electrolítico de 1uF a 16V','Capacitor','1u',2,2),(842,'Capacitor Electrolítico de 1.2uF a 16V','Capacitor','1.2u',2,2),(843,'Capacitor Electrolítico de 1.5uF a 16V','Capacitor','1.5u',2,2),(844,'Capacitor Electrolítico de 1.8uF a 16V','Capacitor','1.8u',2,2),(845,'Capacitor Electrolítico de 2.2uF a 16V','Capacitor','2.2u',2,2),(846,'Capacitor Electrolítico de 2.7uF a 16V','Capacitor','2.7u',2,2),(847,'Capacitor Electrolítico de 3.3uF a 16V','Capacitor','3.3u',2,2),(848,'Capacitor Electrolítico de 3.9uF a 16V','Capacitor','3.9u',2,2),(849,'Capacitor Electrolítico de 4.7uF a 16V','Capacitor','4.7u',2,2),(850,'Capacitor Electrolítico de 5.6uF a 16V','Capacitor','5.6u',2,2),(851,'Capacitor Electrolítico de 6.8uF a 16V','Capacitor','6.8u',2,2),(852,'Capacitor Electrolítico de 8.2uF a 16V','Capacitor','8.2u',2,2),(853,'Capacitor Electrolítico de 10uF a 16V','Capacitor','10u',2,2),(854,'Capacitor Electrolítico de 12uF a 16V','Capacitor','12u',2,2),(855,'Capacitor Electrolítico de 15uF a 16V','Capacitor','15u',2,2),(856,'Capacitor Electrolítico de 18uF a 16V','Capacitor','18u',2,2),(857,'Capacitor Electrolítico de 22uF a 16V','Capacitor','22u',2,2),(858,'Capacitor Electrolítico de 27uF a 16V','Capacitor','27u',2,2),(859,'Capacitor Electrolítico de 33uF a 16V','Capacitor','33u',2,2),(860,'Capacitor Electrolítico de 39uF a 16V','Capacitor','39u',2,2),(861,'Capacitor Electrolítico de 47uF a 16V','Capacitor','47u',2,2),(862,'Capacitor Electrolítico de 56uF a 16V','Capacitor','56u',2,2),(863,'Capacitor Electrolítico de 68uF a 16V','Capacitor','68u',2,2),(864,'Capacitor Electrolítico de 82uF a 16V','Capacitor','82u',2,2),(865,'Capacitor Electrolítico de 100uF a 16V','Capacitor','100u',2,2),(866,'Capacitor Electrolítico de 120uF a 16V','Capacitor','120u',2,2),(867,'Capacitor Electrolítico de 150uF a 16V','Capacitor','150u',2,2),(868,'Capacitor Electrolítico de 180uF a 16V','Capacitor','180u',2,2),(869,'Capacitor Electrolítico de 220uF a 16V','Capacitor','220u',2,2),(870,'Capacitor Electrolítico de 270uF a 16V','Capacitor','270u',2,2),(871,'Capacitor Electrolítico de 330uF a 16V','Capacitor','330u',2,2),(872,'Capacitor Electrolítico de 390uF a 16V','Capacitor','390u',2,2),(873,'Capacitor Electrolítico de 470uF a 16V','Capacitor','470u',2,2),(874,'Capacitor Electrolítico de 560uF a 16V','Capacitor','560u',2,2),(875,'Capacitor Electrolítico de 680uF a 16V','Capacitor','680u',2,2),(876,'Capacitor Electrolítico de 820uF a 16V','Capacitor','820u',2,2),(877,'Capacitor Electrolítico de 1000uF a 16V','Capacitor','1000u',2,2),(878,'Capacitor Electrolítico de 1200uF a 16V','Capacitor','1200u',2,2),(879,'Capacitor Electrolítico de 1500uF a 16V','Capacitor','1500u',2,2),(880,'Capacitor Electrolítico de 1800uF a 16V','Capacitor','1800u',2,2),(881,'Capacitor Electrolítico de 2200uF a 16V','Capacitor','2200u',2,2),(882,'Capacitor Electrolítico de 2700uF a 16V','Capacitor','2700u',2,2),(883,'Capacitor Electrolítico de 3300uF a 16V','Capacitor','3300u',2,2),(884,'Capacitor Electrolítico de 3900uF a 16V','Capacitor','3900u',2,2),(885,'Capacitor Electrolítico de 4700uF a 16V','Capacitor','4700u',2,2),(886,'Capacitor Electrolítico de 5600uF a 16V','Capacitor','5600u',2,2),(887,'Capacitor Electrolítico de 6800uF a 16V','Capacitor','6800u',2,2),(888,'Capacitor Electrolítico de 8200uF a 16V','Capacitor','8200u',2,2),(889,'Capacitor Electrolítico de 1uF a 25V','Capacitor','1u',2,2),(890,'Capacitor Electrolítico de 1.2uF a 25V','Capacitor','1.2u',2,2),(891,'Capacitor Electrolítico de 1.5uF a 25V','Capacitor','1.5u',2,2),(892,'Capacitor Electrolítico de 1.8uF a 25V','Capacitor','1.8u',2,2),(893,'Capacitor Electrolítico de 2.2uF a 25V','Capacitor','2.2u',2,2),(894,'Capacitor Electrolítico de 2.7uF a 25V','Capacitor','2.7u',2,2),(895,'Capacitor Electrolítico de 3.3uF a 25V','Capacitor','3.3u',2,2),(896,'Capacitor Electrolítico de 3.9uF a 25V','Capacitor','3.9u',2,2),(897,'Capacitor Electrolítico de 4.7uF a 25V','Capacitor','4.7u',2,2),(898,'Capacitor Electrolítico de 5.6uF a 25V','Capacitor','5.6u',2,2),(899,'Capacitor Electrolítico de 6.8uF a 25V','Capacitor','6.8u',2,2),(900,'Capacitor Electrolítico de 8.2uF a 25V','Capacitor','8.2u',2,2),(901,'Capacitor Electrolítico de 10uF a 25V','Capacitor','10u',2,2),(902,'Capacitor Electrolítico de 12uF a 25V','Capacitor','12u',2,2),(903,'Capacitor Electrolítico de 15uF a 25V','Capacitor','15u',2,2),(904,'Capacitor Electrolítico de 18uF a 25V','Capacitor','18u',2,2),(905,'Capacitor Electrolítico de 22uF a 25V','Capacitor','22u',2,2),(906,'Capacitor Electrolítico de 27uF a 25V','Capacitor','27u',2,2),(907,'Capacitor Electrolítico de 33uF a 25V','Capacitor','33u',2,2),(908,'Capacitor Electrolítico de 39uF a 25V','Capacitor','39u',2,2),(909,'Capacitor Electrolítico de 47uF a 25V','Capacitor','47u',2,2),(910,'Capacitor Electrolítico de 56uF a 25V','Capacitor','56u',2,2),(911,'Capacitor Electrolítico de 68uF a 25V','Capacitor','68u',2,2),(912,'Capacitor Electrolítico de 82uF a 25V','Capacitor','82u',2,2),(913,'Capacitor Electrolítico de 100uF a 25V','Capacitor','100u',2,2),(914,'Capacitor Electrolítico de 120uF a 25V','Capacitor','120u',2,2),(915,'Capacitor Electrolítico de 150uF a 25V','Capacitor','150u',2,2),(916,'Capacitor Electrolítico de 180uF a 25V','Capacitor','180u',2,2),(917,'Capacitor Electrolítico de 220uF a 25V','Capacitor','220u',2,2),(918,'Capacitor Electrolítico de 270uF a 25V','Capacitor','270u',2,2),(919,'Capacitor Electrolítico de 330uF a 25V','Capacitor','330u',2,2),(920,'Capacitor Electrolítico de 390uF a 25V','Capacitor','390u',2,2),(921,'Capacitor Electrolítico de 470uF a 25V','Capacitor','470u',2,2),(922,'Capacitor Electrolítico de 560uF a 25V','Capacitor','560u',2,2),(923,'Capacitor Electrolítico de 680uF a 25V','Capacitor','680u',2,2),(924,'Capacitor Electrolítico de 820uF a 25V','Capacitor','820u',2,2),(925,'Capacitor Electrolítico de 1000uF a 25V','Capacitor','1000u',2,2),(926,'Capacitor Electrolítico de 1200uF a 25V','Capacitor','1200u',2,2),(927,'Capacitor Electrolítico de 1500uF a 25V','Capacitor','1500u',2,2),(928,'Capacitor Electrolítico de 1800uF a 25V','Capacitor','1800u',2,2),(929,'Capacitor Electrolítico de 2200uF a 25V','Capacitor','2200u',2,2),(930,'Capacitor Electrolítico de 2700uF a 25V','Capacitor','2700u',2,2),(931,'Capacitor Electrolítico de 3300uF a 25V','Capacitor','3300u',2,2),(932,'Capacitor Electrolítico de 3900uF a 25V','Capacitor','3900u',2,2),(933,'Capacitor Electrolítico de 4700uF a 25V','Capacitor','4700u',2,2),(934,'Capacitor Electrolítico de 5600uF a 25V','Capacitor','5600u',2,2),(935,'Capacitor Electrolítico de 6800uF a 25V','Capacitor','6800u',2,2),(936,'Capacitor Electrolítico de 8200uF a 25V','Capacitor','8200u',2,2),(937,'Capacitor Electrolítico de 1uF a 50V','Capacitor','1u',2,2),(938,'Capacitor Electrolítico de 1.2uF a 50V','Capacitor','1.2u',2,2),(939,'Capacitor Electrolítico de 1.5uF a 50V','Capacitor','1.5u',2,2),(940,'Capacitor Electrolítico de 1.8uF a 50V','Capacitor','1.8u',2,2),(941,'Capacitor Electrolítico de 2.2uF a 50V','Capacitor','2.2u',2,2),(942,'Capacitor Electrolítico de 2.7uF a 50V','Capacitor','2.7u',2,2),(943,'Capacitor Electrolítico de 3.3uF a 50V','Capacitor','3.3u',2,2),(944,'Capacitor Electrolítico de 3.9uF a 50V','Capacitor','3.9u',2,2),(945,'Capacitor Electrolítico de 4.7uF a 50V','Capacitor','4.7u',2,2),(946,'Capacitor Electrolítico de 5.6uF a 50V','Capacitor','5.6u',2,2),(947,'Capacitor Electrolítico de 6.8uF a 50V','Capacitor','6.8u',2,2),(948,'Capacitor Electrolítico de 8.2uF a 50V','Capacitor','8.2u',2,2),(949,'Capacitor Electrolítico de 10uF a 50V','Capacitor','10u',2,2),(950,'Capacitor Electrolítico de 12uF a 50V','Capacitor','12u',2,2),(951,'Capacitor Electrolítico de 15uF a 50V','Capacitor','15u',2,2),(952,'Capacitor Electrolítico de 18uF a 50V','Capacitor','18u',2,2),(953,'Capacitor Electrolítico de 22uF a 50V','Capacitor','22u',2,2),(954,'Capacitor Electrolítico de 27uF a 50V','Capacitor','27u',2,2),(955,'Capacitor Electrolítico de 33uF a 50V','Capacitor','33u',2,2),(956,'Capacitor Electrolítico de 39uF a 50V','Capacitor','39u',2,2),(957,'Capacitor Electrolítico de 47uF a 50V','Capacitor','47u',2,2),(958,'Capacitor Electrolítico de 56uF a 50V','Capacitor','56u',2,2),(959,'Capacitor Electrolítico de 68uF a 50V','Capacitor','68u',2,2),(960,'Capacitor Electrolítico de 82uF a 50V','Capacitor','82u',2,2),(961,'Capacitor Electrolítico de 100uF a 50V','Capacitor','100u',2,2),(962,'Capacitor Electrolítico de 120uF a 50V','Capacitor','120u',2,2),(963,'Capacitor Electrolítico de 150uF a 50V','Capacitor','150u',2,2),(964,'Capacitor Electrolítico de 180uF a 50V','Capacitor','180u',2,2),(965,'Capacitor Electrolítico de 220uF a 50V','Capacitor','220u',2,2),(966,'Capacitor Electrolítico de 270uF a 50V','Capacitor','270u',2,2),(967,'Capacitor Electrolítico de 330uF a 50V','Capacitor','330u',2,2),(968,'Capacitor Electrolítico de 390uF a 50V','Capacitor','390u',2,2),(969,'Capacitor Electrolítico de 470uF a 50V','Capacitor','470u',2,2),(970,'Capacitor Electrolítico de 560uF a 50V','Capacitor','560u',2,2),(971,'Capacitor Electrolítico de 680uF a 50V','Capacitor','680u',2,2),(972,'Capacitor Electrolítico de 820uF a 50V','Capacitor','820u',2,2),(973,'Capacitor Electrolítico de 1000uF a 50V','Capacitor','1000u',2,2),(974,'Capacitor Electrolítico de 1200uF a 50V','Capacitor','1200u',2,2),(975,'Capacitor Electrolítico de 1500uF a 50V','Capacitor','1500u',2,2),(976,'Capacitor Electrolítico de 1800uF a 50V','Capacitor','1800u',2,2),(977,'Capacitor Electrolítico de 2200uF a 50V','Capacitor','2200u',2,2),(978,'Capacitor Electrolítico de 2700uF a 50V','Capacitor','2700u',2,2),(979,'Capacitor Electrolítico de 3300uF a 50V','Capacitor','3300u',2,2),(980,'Capacitor Electrolítico de 3900uF a 50V','Capacitor','3900u',2,2),(981,'Capacitor Electrolítico de 4700uF a 50V','Capacitor','4700u',2,2),(982,'Capacitor Electrolítico de 5600uF a 50V','Capacitor','5600u',2,2),(983,'Capacitor Electrolítico de 6800uF a 50V','Capacitor','6800u',2,2),(984,'Capacitor Electrolítico de 8200uF a 50V','Capacitor','8200u',2,2),(985,'Capacitor Tantalio de 0.1uF a 16V','Capacitor','0.1u',2,2),(986,'Capacitor Tantalio de 0.12uF a 16V','Capacitor','0.12u',2,2),(987,'Capacitor Tantalio de 0.15uF a 16V','Capacitor','0.15u',2,2),(988,'Capacitor Tantalio de 0.18uF a 16V','Capacitor','0.18u',2,2),(989,'Capacitor Tantalio de 0.22uF a 16V','Capacitor','0.22u',2,2),(990,'Capacitor Tantalio de 0.27uF a 16V','Capacitor','0.27u',2,2),(991,'Capacitor Tantalio de 0.33uF a 16V','Capacitor','0.33u',2,2),(992,'Capacitor Tantalio de 0.39uF a 16V','Capacitor','0.39u',2,2),(993,'Capacitor Tantalio de 0.47uF a 16V','Capacitor','0.47u',2,2),(994,'Capacitor Tantalio de 0.56uF a 16V','Capacitor','0.56u',2,2),(995,'Capacitor Tantalio de 0.68uF a 16V','Capacitor','0.68u',2,2),(996,'Capacitor Tantalio de 0.82uF a 16V','Capacitor','0.82u',2,2),(997,'Capacitor Tantalio de 1uF a 16V','Capacitor','1u',2,2),(998,'Capacitor Tantalio de 1.2uF a 16V','Capacitor','1.2u',2,2),(999,'Capacitor Tantalio de 1.5uF a 16V','Capacitor','1.5u',2,2),(1000,'Capacitor Tantalio de 1.8uF a 16V','Capacitor','1.8u',2,2),(1001,'Capacitor Tantalio de 2.2uF a 16V','Capacitor','2.2u',2,2),(1002,'Capacitor Tantalio de 2.7uF a 16V','Capacitor','2.7u',2,2),(1003,'Capacitor Tantalio de 3.3uF a 16V','Capacitor','3.3u',2,2),(1004,'Capacitor Tantalio de 3.9uF a 16V','Capacitor','3.9u',2,2),(1005,'Capacitor Tantalio de 4.7uF a 16V','Capacitor','4.7u',2,2),(1006,'Capacitor Tantalio de 5.6uF a 16V','Capacitor','5.6u',2,2),(1007,'Capacitor Tantalio de 6.8uF a 16V','Capacitor','6.8u',2,2),(1008,'Capacitor Tantalio de 8.2uF a 16V','Capacitor','8.2u',2,2),(1009,'Capacitor Tantalio de 10uF a 16V','Capacitor','10u',2,2),(1010,'Capacitor Tantalio de 12uF a 16V','Capacitor','12u',2,2),(1011,'Capacitor Tantalio de 15uF a 16V','Capacitor','15u',2,2),(1012,'Capacitor Tantalio de 18uF a 16V','Capacitor','18u',2,2),(1013,'Capacitor Tantalio de 22uF a 16V','Capacitor','22u',2,2),(1014,'Capacitor Tantalio de 27uF a 16V','Capacitor','27u',2,2),(1015,'Capacitor Tantalio de 33uF a 16V','Capacitor','33u',2,2),(1016,'Capacitor Tantalio de 39uF a 16V','Capacitor','39u',2,2),(1017,'Capacitor Tantalio de 47uF a 16V','Capacitor','47u',2,2),(1018,'Capacitor Tantalio de 56uF a 16V','Capacitor','56u',2,2),(1019,'Capacitor Tantalio de 68uF a 16V','Capacitor','68u',2,2),(1020,'Capacitor Tantalio de 82uF a 16V','Capacitor','82u',2,2),(1021,'Capacitor Tantalio de 0.1uF a 25V','Capacitor','0.1u',2,2),(1022,'Capacitor Tantalio de 0.12uF a 25V','Capacitor','0.12u',2,2),(1023,'Capacitor Tantalio de 0.15uF a 25V','Capacitor','0.15u',2,2),(1024,'Capacitor Tantalio de 0.18uF a 25V','Capacitor','0.18u',2,2),(1025,'Capacitor Tantalio de 0.22uF a 25V','Capacitor','0.22u',2,2),(1026,'Capacitor Tantalio de 0.27uF a 25V','Capacitor','0.27u',2,2),(1027,'Capacitor Tantalio de 0.33uF a 25V','Capacitor','0.33u',2,2),(1028,'Capacitor Tantalio de 0.39uF a 25V','Capacitor','0.39u',2,2),(1029,'Capacitor Tantalio de 0.47uF a 25V','Capacitor','0.47u',2,2),(1030,'Capacitor Tantalio de 0.56uF a 25V','Capacitor','0.56u',2,2),(1031,'Capacitor Tantalio de 0.68uF a 25V','Capacitor','0.68u',2,2),(1032,'Capacitor Tantalio de 0.82uF a 25V','Capacitor','0.82u',2,2),(1033,'Capacitor Tantalio de 1uF a 25V','Capacitor','1u',2,2),(1034,'Capacitor Tantalio de 1.2uF a 25V','Capacitor','1.2u',2,2),(1035,'Capacitor Tantalio de 1.5uF a 25V','Capacitor','1.5u',2,2),(1036,'Capacitor Tantalio de 1.8uF a 25V','Capacitor','1.8u',2,2),(1037,'Capacitor Tantalio de 2.2uF a 25V','Capacitor','2.2u',2,2),(1038,'Capacitor Tantalio de 2.7uF a 25V','Capacitor','2.7u',2,2),(1039,'Capacitor Tantalio de 3.3uF a 25V','Capacitor','3.3u',2,2),(1040,'Capacitor Tantalio de 3.9uF a 25V','Capacitor','3.9u',2,2),(1041,'Capacitor Tantalio de 4.7uF a 25V','Capacitor','4.7u',2,2),(1042,'Capacitor Tantalio de 5.6uF a 25V','Capacitor','5.6u',2,2),(1043,'Capacitor Tantalio de 6.8uF a 25V','Capacitor','6.8u',2,2),(1044,'Capacitor Tantalio de 8.2uF a 25V','Capacitor','8.2u',2,2),(1045,'Capacitor Tantalio de 10uF a 25V','Capacitor','10u',2,2),(1046,'Capacitor Tantalio de 12uF a 25V','Capacitor','12u',2,2),(1047,'Capacitor Tantalio de 15uF a 25V','Capacitor','15u',2,2),(1048,'Capacitor Tantalio de 18uF a 25V','Capacitor','18u',2,2),(1049,'Capacitor Tantalio de 22uF a 25V','Capacitor','22u',2,2),(1050,'Capacitor Tantalio de 27uF a 25V','Capacitor','27u',2,2),(1051,'Capacitor Tantalio de 33uF a 25V','Capacitor','33u',2,2),(1052,'Capacitor Tantalio de 39uF a 25V','Capacitor','39u',2,2),(1053,'Capacitor Tantalio de 47uF a 25V','Capacitor','47u',2,2),(1054,'Capacitor Tantalio de 56uF a 25V','Capacitor','56u',2,2),(1055,'Capacitor Tantalio de 68uF a 25V','Capacitor','68u',2,2),(1056,'Capacitor Tantalio de 82uF a 25V','Capacitor','82u',2,2),(1057,'Bobina de 10uH','Bobina','10u',3,3),(1058,'Bobina de 22uH','Bobina','22u',3,3),(1059,'Bobina de 33uH','Bobina','33u',3,3),(1060,'Bobina de 47uH','Bobina','47u',3,3),(1061,'Bobina de 100uH','Bobina','100u',3,3),(1062,'Bobina de 100uH','Bobina','100u',3,3),(1063,'Bobina de 220uH','Bobina','220u',3,3),(1064,'Bobina de 330uH','Bobina','330u',3,3),(1065,'Bobina de 470uH','Bobina','470u',3,3),(1066,'Bobina de 1000uH','Bobina','1000u',3,3),(1067,'Bobina de 10mH','Bobina','10m',3,3),(1068,'Bobina de 22mH','Bobina','22m',3,3),(1069,'Bobina de 33mH','Bobina','33m',3,3),(1070,'Bobina de 47mH','Bobina','47m',3,3),(1071,'Bobina de 100mH','Bobina','100m',3,3),(1072,'Bobina de 100mH','Bobina','100m',3,3),(1073,'Bobina de 220mH','Bobina','220m',3,3),(1074,'Bobina de 330mH','Bobina','330m',3,3),(1075,'Bobina de 470mH','Bobina','470m',3,3),(1076,'Bobina de 1000mH','Bobina','1000m',3,3),(1077,'Canal Fijo TTL / USB','Fuente de Voltaje','5',4,4),(1078,'Batería Cuadrada','Fuente de Voltaje','9',4,4),(1079,'Fuente Variable de Laboratorio de 12V','Fuente de Voltaje','12',4,4),(1080,'Fuente Variable de Laboratorio de 15V','Fuente de Voltaje','15',4,4),(1081,'Fuente Variable de Laboratorio de 18V','Fuente de Voltaje','18',4,4),(1082,'Fuente Variable de Laboratorio de 20V','Fuente de Voltaje','20',4,4),(1083,'Fuente Variable de Laboratorio de 22V','Fuente de Voltaje','22',4,4),(1084,'Fuente Variable de Laboratorio de 25V','Fuente de Voltaje','25',4,4),(1085,'Fuente Variable de Laboratorio de 30V','Fuente de Voltaje','30',4,4),(1086,'Batería AA','Fuente de Voltaje','1.5',4,4),(1087,'Batería de Plomo (Auto)','Fuente de Voltaje','12',4,4),(1088,'Fuente de Corriente Constante de 1mA','Fuente de Corriente','1m',5,5),(1089,'Fuente de Corriente Constante de 2mA','Fuente de Corriente','2m',5,5),(1090,'Fuente de Corriente Constante de 3mA','Fuente de Corriente','3m',5,5),(1091,'Fuente de Corriente Constante de 4mA','Fuente de Corriente','4m',5,5),(1092,'Fuente de Corriente Constante de 5mA','Fuente de Corriente','5m',5,5),(1093,'Lazo de Control Industrial','Fuente de Corriente','20m',5,5),(1094,'Fuente de Corriente de Potencia de 1A','Fuente de Corriente','1',5,5),(1095,'Fuente de Corriente de Potencia de 2A','Fuente de Corriente','2',5,5),(1096,'Fuente de Corriente de Potencia de 3A','Fuente de Corriente','3',5,5),(1097,'Fuente de Corriente de Potencia de 4A','Fuente de Corriente','4',5,5),(1098,'Fuente de Corriente de Potencia de 5A','Fuente de Corriente','5',5,5),(1099,'Fuente Variable de Laboratorio de 0.5A','Fuente de Corriente','500m',5,5),(1100,'Fuente Variable de Laboratorio de 0.8A','Fuente de Corriente','800m',5,5),(1101,'Diodo de Señal Rápido (1N4148)','Diodo','1N4148',6,6),(1102,'Diodo Schottky Rápido (1N5819)','Diodo','1N5819',6,6),(1103,'Diodo Rectificador (1N4002)','Diodo','1N4002',6,6),(1104,'Diodo Rectificador (1N4004)','Diodo','1N4004',6,6),(1105,'Diodo Rectificador (1N4007)','Diodo','1N4007',6,6),(1106,'Diodo Zener de 3.3V (1N4728A)','Diodo','1N4728A',6,6),(1107,'Diodo Zener de 5.1V (1N4733A)','Diodo','1N4733A',6,6),(1108,'Diodo Zener de 12V (1N4742A)','Diodo','1N4742A',6,6),(1109,'LED Rojo Estándar 5mm','Diodo','ROJO',6,6),(1110,'LED Verde Estándar 5mm','Diodo','VERDE',6,6),(1111,'LED Amarillo Estándar 5mm','Diodo','AMARILLO',6,6),(1112,'LED Azul Estándar 5mm','Diodo','AZUL',6,6),(1113,'LED Blanco Ultrabrillante 5mm','Diodo','BLANCO UB',6,6),(1114,'LED Infrarrojo (IR) Tx','Diodo','INFRARROJO',6,6),(1115,'Transistor NPN Uso General (2N2222A)','Transistor BJT','2N2222A',6,7),(1116,'Transistor NPN Uso General (2N3904)','Transistor BJT','2N3904',6,7),(1117,'Transistor NPN Alta Ganancia (BC547B)','Transistor BJT','BC547B',6,7),(1118,'Transistor NPN Alta Corriente (ST9013H)','Transistor BJT','ST9013H',6,7),(1119,'Transistor NPN de Potencia (TIP41C)','Transistor BJT','TIP41C',6,7),(1120,'Transistor PNP Uso General (2N3906)','Transistor BJT','2N3906',6,7),(1121,'Transistor PNP Alta Ganancia (BC557)','Transistor BJT','BC557',6,7),(1122,'Transistor PNP de Potencia (TIP42C)','Transistor BJT','TIP42C',6,7),(1123,'Transistor JFET Canal N (2N5457)','Transistor FET','2N5457',6,8),(1124,'Transistor JFET Canal P (2N5460)','Transistor FET','2N5460',6,8),(1125,'Transistor MOSFET Canal N Señal (2N7000)','Transistor FET','2N7000',6,8),(1126,'Transistor MOSFET Canal N Potencia (IRFZ44N)','Transistor FET','IRFZ44N',6,8),(1127,'Transistor MOSFET Canal P Potencia (IRF9540N)','Transistor FET','IRF9540N',6,8),(1128,'Regulador Positivo Fijo 5V (LM7805)','Regulador de Voltaje','LM7805',6,9),(1129,'Regulador Positivo Fijo 12V (LM340T-12)','Regulador de Voltaje','LM340T-12',6,9),(1130,'Regulador Negativo Fijo -5V (LM7905)','Regulador de Voltaje','LM7905',6,9),(1131,'Regulador Negativo Fijo -12V (L7912)','Regulador de Voltaje','L7912',6,9),(1132,'Regulador Positivo Ajustable (LM317)','Regulador de Voltaje','LM317',6,9),(1133,'Regulador Negativo Ajustable (LM337)','Regulador de Voltaje','LM337',6,9);
/*!40000 ALTER TABLE `componente` ENABLE KEYS */;

--
-- Table structure for table `componente_grafico`
--

DROP TABLE IF EXISTS `componente_grafico`;
/*!40101 SET @saved_cs_client     = @@character_set_client */;
/*!50503 SET character_set_client = utf8mb4 */;
CREATE TABLE `componente_grafico` (
  `id` int NOT NULL AUTO_INCREMENT,
  `layout_visual` json DEFAULT NULL,
  `descripcion` text,
  PRIMARY KEY (`id`)
) ENGINE=InnoDB AUTO_INCREMENT=10 DEFAULT CHARSET=utf8mb4 COLLATE=utf8mb4_0900_ai_ci;
/*!40101 SET character_set_client = @saved_cs_client */;

--
-- Dumping data for table `componente_grafico`
--

/*!40000 ALTER TABLE `componente_grafico` DISABLE KEYS */;
INSERT INTO `componente_grafico` VALUES (1,'{}','Gráfico genérico para resistencias E24'),(2,'{}','Gráfico genérico para capacitores E12'),(3,'{}','Gráfico genérico para Bobinas E6'),(4,'{}','Gráfico genérico para Fuentes de Voltaje'),(5,'{}','Gráfico genérico para Fuentes de Corriente'),(6,'{}','Gráfico genérico para Diodos'),(7,'{}','Gráfico genérico para Transistores BJT'),(8,'{}','Gráfico genérico para Transistores FET'),(9,'{}','Gráfico genérico para Reguladores de Voltaje');
/*!40000 ALTER TABLE `componente_grafico` ENABLE KEYS */;

--
-- Table structure for table `diodo`
--

DROP TABLE IF EXISTS `diodo`;
/*!40101 SET @saved_cs_client     = @@character_set_client */;
/*!50503 SET character_set_client = utf8mb4 */;
CREATE TABLE `diodo` (
  `id` int NOT NULL AUTO_INCREMENT,
  `tipo` varchar(70) NOT NULL,
  `corriente_max` decimal(7,3) NOT NULL,
  `voltaje_inv_max` decimal(7,3) NOT NULL,
  `caida_tension` decimal(7,3) NOT NULL,
  `componente_id` int NOT NULL,
  PRIMARY KEY (`id`),
  KEY `componente_id` (`componente_id`),
  CONSTRAINT `diodo_ibfk_1` FOREIGN KEY (`componente_id`) REFERENCES `componente` (`id`) ON DELETE CASCADE
) ENGINE=InnoDB AUTO_INCREMENT=15 DEFAULT CHARSET=utf8mb4 COLLATE=utf8mb4_0900_ai_ci;
/*!40101 SET character_set_client = @saved_cs_client */;

--
-- Dumping data for table `diodo`
--

/*!40000 ALTER TABLE `diodo` DISABLE KEYS */;
INSERT INTO `diodo` VALUES (1,'Señal',0.300,100.000,0.700,1101),(2,'Schottky',1.000,40.000,0.200,1102),(3,'Rectificador',1.000,100.000,0.700,1103),(4,'Rectificador',1.000,400.000,0.700,1104),(5,'Rectificador',1.000,1000.000,0.700,1105),(6,'Zener',0.276,3.300,0.700,1106),(7,'Zener',0.178,5.100,0.700,1107),(8,'Zener',0.076,12.000,0.700,1108),(9,'LED',0.020,5.000,2.000,1109),(10,'LED',0.020,5.000,2.200,1110),(11,'LED',0.020,5.000,2.100,1111),(12,'LED',0.020,5.000,3.300,1112),(13,'LED_Ultrabrillante',0.030,5.000,3.300,1113),(14,'LED_IR',0.050,5.000,1.200,1114);
/*!40000 ALTER TABLE `diodo` ENABLE KEYS */;

--
-- Table structure for table `fuente_corriente`
--

DROP TABLE IF EXISTS `fuente_corriente`;
/*!40101 SET @saved_cs_client     = @@character_set_client */;
/*!50503 SET character_set_client = utf8mb4 */;
CREATE TABLE `fuente_corriente` (
  `id` int NOT NULL AUTO_INCREMENT,
  `activo` tinyint(1) DEFAULT '0',
  `voltaje_max` decimal(6,2) NOT NULL,
  `componente_id` int NOT NULL,
  PRIMARY KEY (`id`),
  KEY `componente_id` (`componente_id`),
  CONSTRAINT `fuente_corriente_ibfk_1` FOREIGN KEY (`componente_id`) REFERENCES `componente` (`id`) ON DELETE CASCADE
) ENGINE=InnoDB AUTO_INCREMENT=14 DEFAULT CHARSET=utf8mb4 COLLATE=utf8mb4_0900_ai_ci;
/*!40101 SET character_set_client = @saved_cs_client */;

--
-- Dumping data for table `fuente_corriente`
--

/*!40000 ALTER TABLE `fuente_corriente` DISABLE KEYS */;
INSERT INTO `fuente_corriente` VALUES (1,1,30.00,1088),(2,1,30.00,1089),(3,1,30.00,1090),(4,1,30.00,1091),(5,1,30.00,1092),(6,1,24.00,1093),(7,1,30.00,1094),(8,1,30.00,1095),(9,1,30.00,1096),(10,1,30.00,1097),(11,1,30.00,1098),(12,1,30.00,1099),(13,1,30.00,1100);
/*!40000 ALTER TABLE `fuente_corriente` ENABLE KEYS */;

--
-- Table structure for table `fuente_voltaje`
--

DROP TABLE IF EXISTS `fuente_voltaje`;
/*!40101 SET @saved_cs_client     = @@character_set_client */;
/*!50503 SET character_set_client = utf8mb4 */;
CREATE TABLE `fuente_voltaje` (
  `id` int NOT NULL AUTO_INCREMENT,
  `activo` tinyint(1) DEFAULT NULL,
  `corriente` decimal(4,2) NOT NULL,
  `componente_id` int NOT NULL,
  PRIMARY KEY (`id`),
  KEY `componente_id` (`componente_id`),
  CONSTRAINT `fuente_voltaje_ibfk_1` FOREIGN KEY (`componente_id`) REFERENCES `componente` (`id`) ON DELETE CASCADE
) ENGINE=InnoDB AUTO_INCREMENT=12 DEFAULT CHARSET=utf8mb4 COLLATE=utf8mb4_0900_ai_ci;
/*!40101 SET character_set_client = @saved_cs_client */;

--
-- Dumping data for table `fuente_voltaje`
--

/*!40000 ALTER TABLE `fuente_voltaje` DISABLE KEYS */;
INSERT INTO `fuente_voltaje` VALUES (1,1,3.00,1077),(2,1,0.50,1078),(3,1,5.00,1079),(4,1,5.00,1080),(5,1,5.00,1081),(6,1,5.00,1082),(7,1,5.00,1083),(8,1,5.00,1084),(9,1,5.00,1085),(10,1,1.00,1086),(11,1,50.00,1087);
/*!40000 ALTER TABLE `fuente_voltaje` ENABLE KEYS */;

--
-- Table structure for table `instancia_componente`
--

DROP TABLE IF EXISTS `instancia_componente`;
/*!40101 SET @saved_cs_client     = @@character_set_client */;
/*!50503 SET character_set_client = utf8mb4 */;
CREATE TABLE `instancia_componente` (
  `id` int NOT NULL AUTO_INCREMENT,
  `circuito_id` int NOT NULL,
  `componente_id` int NOT NULL,
  `designador` varchar(20) NOT NULL,
  `posicion_x` decimal(8,4) NOT NULL,
  `posicion_y` decimal(8,4) NOT NULL,
  `rotacion` int DEFAULT '0',
  PRIMARY KEY (`id`),
  KEY `circuito_id` (`circuito_id`),
  KEY `componente_id` (`componente_id`),
  CONSTRAINT `instancia_componente_ibfk_1` FOREIGN KEY (`circuito_id`) REFERENCES `circuito` (`id`) ON DELETE CASCADE,
  CONSTRAINT `instancia_componente_ibfk_2` FOREIGN KEY (`componente_id`) REFERENCES `componente` (`id`)
) ENGINE=InnoDB AUTO_INCREMENT=88 DEFAULT CHARSET=utf8mb4 COLLATE=utf8mb4_0900_ai_ci;
/*!40101 SET character_set_client = @saved_cs_client */;

--
-- Dumping data for table `instancia_componente`
--

/*!40000 ALTER TABLE `instancia_componente` DISABLE KEYS */;
INSERT INTO `instancia_componente` VALUES (1,1,1079,'V1',0.0000,50.0000,90),(2,1,196,'R1',50.0000,0.0000,0),(3,1,260,'R2',100.0000,50.0000,90),(4,1,197,'R4',150.0000,0.0000,0),(5,1,324,'R3',200.0000,50.0000,90),(6,2,1079,'V1',0.0000,50.0000,90),(7,2,197,'R1',50.0000,0.0000,0),(8,2,324,'R3',100.0000,50.0000,90),(9,2,1089,'I1',150.0000,50.0000,90),(10,2,261,'R2',200.0000,0.0000,0),(22,3,1083,'V1',0.0000,150.0000,90),(23,3,1081,'V2',100.0000,150.0000,90),(24,3,309,'R7',50.0000,0.0000,0),(25,3,293,'R8',150.0000,0.0000,0),(26,3,197,'R1',100.0000,50.0000,90),(27,3,198,'R6',50.0000,100.0000,0),(28,3,252,'R9',150.0000,100.0000,0),(29,3,268,'R4',50.0000,200.0000,0),(30,3,267,'R5',150.0000,200.0000,0),(31,3,197,'R2',200.0000,50.0000,90),(32,3,261,'R3',200.0000,150.0000,90),(33,4,1079,'V1',0.0000,150.0000,90),(34,4,197,'R1',50.0000,0.0000,0),(35,4,196,'R3',150.0000,0.0000,0),(36,4,341,'R5',100.0000,50.0000,90),(37,4,316,'R6',50.0000,100.0000,0),(38,4,197,'R2',150.0000,100.0000,0),(39,4,214,'R7',50.0000,200.0000,0),(40,4,324,'R4',150.0000,200.0000,0),(41,5,1092,'I1',0.0000,50.0000,90),(42,5,292,'R5',50.0000,0.0000,0),(43,5,212,'R1',100.0000,25.0000,90),(44,5,292,'R3',100.0000,75.0000,90),(45,5,292,'R6',150.0000,0.0000,0),(46,5,206,'R2',200.0000,50.0000,90),(47,5,356,'R4',250.0000,50.0000,90),(59,6,1083,'V1',0.0000,150.0000,90),(60,6,293,'R8',100.0000,150.0000,90),(61,6,309,'R7',50.0000,0.0000,0),(62,6,1092,'I1',150.0000,0.0000,0),(63,6,197,'R1',100.0000,50.0000,90),(64,6,198,'R6',50.0000,100.0000,0),(65,6,252,'R9',150.0000,100.0000,0),(66,6,268,'R4',50.0000,200.0000,0),(67,6,356,'R5',150.0000,200.0000,0),(68,6,197,'R2',200.0000,50.0000,90),(69,6,261,'R3',200.0000,150.0000,90),(70,7,1081,'V1',0.0000,75.0000,90),(71,7,196,'R5',0.0000,25.0000,90),(72,7,284,'R2',50.0000,0.0000,0),(73,7,210,'R1',50.0000,100.0000,0),(74,7,1092,'I1',100.0000,50.0000,90),(75,7,261,'R3',150.0000,0.0000,0),(76,7,196,'R4',150.0000,100.0000,0),(77,7,195,'R6',200.0000,50.0000,90),(78,8,1079,'V1',300.0000,75.0000,90),(79,8,229,'R4',300.0000,25.0000,90),(80,8,372,'R7',250.0000,0.0000,0),(81,8,341,'R2',200.0000,50.0000,90),(82,8,197,'R3',150.0000,0.0000,0),(83,8,196,'R8',150.0000,100.0000,0),(84,8,285,'R5',100.0000,50.0000,90),(85,8,261,'R1',50.0000,0.0000,0),(86,8,1092,'I1',50.0000,100.0000,180),(87,8,373,'R6',50.0000,150.0000,0);
/*!40000 ALTER TABLE `instancia_componente` ENABLE KEYS */;

--
-- Table structure for table `nodo`
--

DROP TABLE IF EXISTS `nodo`;
/*!40101 SET @saved_cs_client     = @@character_set_client */;
/*!50503 SET character_set_client = utf8mb4 */;
CREATE TABLE `nodo` (
  `id` int NOT NULL AUTO_INCREMENT,
  `numero_nodo` char(2) DEFAULT NULL,
  `circuito_id` int DEFAULT NULL,
  `instancia_componente_id` int NOT NULL,
  `pin_terminal` varchar(20) DEFAULT NULL,
  `posicion_x` decimal(8,4) NOT NULL,
  `posicion_y` decimal(8,4) NOT NULL,
  PRIMARY KEY (`id`),
  KEY `circuito_id` (`circuito_id`),
  KEY `instancia_componente_id` (`instancia_componente_id`),
  CONSTRAINT `nodo_ibfk_1` FOREIGN KEY (`circuito_id`) REFERENCES `circuito` (`id`) ON DELETE CASCADE,
  CONSTRAINT `nodo_ibfk_2` FOREIGN KEY (`instancia_componente_id`) REFERENCES `instancia_componente` (`id`) ON DELETE CASCADE
) ENGINE=InnoDB AUTO_INCREMENT=161 DEFAULT CHARSET=utf8mb4 COLLATE=utf8mb4_0900_ai_ci;
/*!40101 SET character_set_client = @saved_cs_client */;

--
-- Dumping data for table `nodo`
--

/*!40000 ALTER TABLE `nodo` DISABLE KEYS */;
INSERT INTO `nodo` VALUES (31,'0',1,1,'Negativo',0.0000,100.0000),(32,'0',1,3,'Pin 2',100.0000,100.0000),(33,'0',1,5,'Pin 2',200.0000,100.0000),(34,'1',1,1,'Positivo',0.0000,0.0000),(35,'1',1,2,'Pin 1',0.0000,0.0000),(36,'2',1,2,'Pin 2',100.0000,0.0000),(37,'2',1,3,'Pin 1',100.0000,0.0000),(38,'2',1,4,'Pin 1',100.0000,0.0000),(39,'3',1,4,'Pin 2',200.0000,0.0000),(40,'3',1,5,'Pin 1',200.0000,0.0000),(41,'0',2,6,'Negativo',0.0000,100.0000),(42,'0',2,8,'Pin 2',100.0000,100.0000),(43,'0',2,9,'Negativo',150.0000,100.0000),(44,'0',2,10,'Pin 2',250.0000,100.0000),(45,'1',2,6,'Positivo',0.0000,0.0000),(46,'1',2,7,'Pin 1',0.0000,0.0000),(47,'2',2,7,'Pin 2',100.0000,0.0000),(48,'2',2,8,'Pin 1',100.0000,0.0000),(49,'2',2,9,'Positivo',150.0000,0.0000),(50,'2',2,10,'Pin 1',200.0000,0.0000),(51,'0',3,22,'Negativo',0.0000,200.0000),(52,'0',3,29,'Pin 1',0.0000,200.0000),(53,'1',3,22,'Positivo',0.0000,100.0000),(54,'1',3,27,'Pin 1',0.0000,100.0000),(55,'1',3,24,'Pin 1',0.0000,0.0000),(56,'2',3,24,'Pin 2',100.0000,0.0000),(57,'2',3,26,'Pin 1',100.0000,0.0000),(58,'2',3,25,'Pin 1',100.0000,0.0000),(59,'3',3,27,'Pin 2',100.0000,100.0000),(60,'3',3,26,'Pin 2',100.0000,100.0000),(61,'3',3,23,'Positivo',100.0000,100.0000),(62,'3',3,28,'Pin 1',100.0000,100.0000),(63,'4',3,29,'Pin 2',100.0000,200.0000),(64,'4',3,23,'Negativo',100.0000,200.0000),(65,'4',3,30,'Pin 1',100.0000,200.0000),(66,'5',3,25,'Pin 2',200.0000,0.0000),(67,'5',3,31,'Pin 1',200.0000,0.0000),(68,'6',3,28,'Pin 2',200.0000,100.0000),(69,'6',3,31,'Pin 2',200.0000,100.0000),(70,'6',3,32,'Pin 1',200.0000,100.0000),(71,'7',3,30,'Pin 2',200.0000,200.0000),(72,'7',3,32,'Pin 2',200.0000,200.0000),(73,'0',4,33,'Negativo',0.0000,100.0000),(74,'0',4,36,'Pin 1',0.0000,100.0000),(75,'1',4,33,'Positivo',0.0000,0.0000),(76,'1',4,34,'Pin 1',0.0000,0.0000),(77,'2',4,34,'Pin 2',75.0000,0.0000),(78,'2',4,35,'Pin 1',75.0000,0.0000),(79,'3',4,35,'Pin 2',150.0000,0.0000),(80,'3',4,38,'Pin 1',150.0000,0.0000),(81,'3',4,40,'Pin 1',250.0000,0.0000),(82,'4',4,40,'Pin 2',250.0000,100.0000),(83,'4',4,39,'Pin 2',250.0000,100.0000),(84,'5',4,37,'Pin 2',150.0000,100.0000),(85,'5',4,38,'Pin 2',150.0000,100.0000),(86,'5',4,39,'Pin 1',150.0000,100.0000),(87,'6',4,36,'Pin 2',75.0000,100.0000),(88,'6',4,37,'Pin 1',75.0000,100.0000),(89,'0',5,41,'Negativo',0.0000,100.0000),(90,'0',5,44,'Pin 2',100.0000,100.0000),(91,'0',5,46,'Pin 2',200.0000,100.0000),(92,'0',5,47,'Pin 2',250.0000,100.0000),(93,'1',5,41,'Positivo',0.0000,0.0000),(94,'1',5,42,'Pin 1',0.0000,0.0000),(95,'2',5,42,'Pin 2',100.0000,0.0000),(96,'2',5,43,'Pin 1',100.0000,0.0000),(97,'2',5,45,'Pin 1',100.0000,0.0000),(98,'3',5,45,'Pin 2',200.0000,0.0000),(99,'3',5,46,'Pin 1',200.0000,0.0000),(100,'3',5,47,'Pin 1',250.0000,0.0000),(101,'4',5,43,'Pin 2',200.0000,0.0000),(102,'4',5,44,'Pin 1',200.0000,0.0000),(103,'0',6,59,'Negativo',0.0000,200.0000),(104,'0',6,66,'Pin 1',0.0000,200.0000),(105,'1',6,59,'Positivo',0.0000,100.0000),(106,'1',6,61,'Pin 1',0.0000,0.0000),(107,'1',6,64,'Pin 1',0.0000,100.0000),(108,'2',6,61,'Pin 2',100.0000,0.0000),(109,'2',6,62,'Negativo',100.0000,0.0000),(110,'2',6,63,'Pin 1',100.0000,0.0000),(111,'3',6,64,'Pin 2',100.0000,100.0000),(112,'3',6,63,'Pin 2',100.0000,100.0000),(113,'3',6,60,'Pin 1',100.0000,100.0000),(114,'3',6,65,'Pin 1',100.0000,100.0000),(115,'4',6,66,'Pin 2',100.0000,200.0000),(116,'4',6,60,'Pin 2',100.0000,200.0000),(117,'4',6,67,'Pin 1',100.0000,200.0000),(118,'5',6,62,'Positivo',200.0000,0.0000),(119,'5',6,68,'Pin 1',200.0000,0.0000),(120,'6',6,65,'Pin 2',200.0000,100.0000),(121,'6',6,68,'Pin 2',200.0000,100.0000),(122,'6',6,69,'Pin 1',200.0000,100.0000),(123,'7',6,67,'Pin 2',200.0000,200.0000),(124,'7',6,69,'Pin 2',200.0000,200.0000),(125,'0',7,70,'Negativo',0.0000,100.0000),(126,'0',7,73,'Pin 1',0.0000,100.0000),(127,'1',7,70,'Positivo',0.0000,50.0000),(128,'1',7,71,'Pin 1',0.0000,50.0000),(129,'2',7,71,'Pin 2',0.0000,0.0000),(130,'2',7,72,'Pin 1',0.0000,0.0000),(131,'3',7,72,'Pin 2',100.0000,0.0000),(132,'3',7,74,'Positivo',100.0000,0.0000),(133,'3',7,75,'Pin 1',100.0000,0.0000),(134,'4',7,73,'Pin 2',100.0000,100.0000),(135,'4',7,74,'Negativo',100.0000,100.0000),(136,'4',7,76,'Pin 1',100.0000,100.0000),(137,'5',7,75,'Pin 2',200.0000,0.0000),(138,'5',7,77,'Pin 1',200.0000,0.0000),(139,'6',7,77,'Pin 2',200.0000,100.0000),(140,'6',7,76,'Pin 2',200.0000,100.0000),(141,'0',8,78,'Negativo',300.0000,100.0000),(142,'0',8,81,'Pin 2',200.0000,100.0000),(143,'0',8,83,'Pin 2',200.0000,100.0000),(144,'1',8,78,'Positivo',300.0000,50.0000),(145,'1',8,79,'Pin 2',300.0000,50.0000),(146,'2',8,79,'Pin 1',300.0000,0.0000),(147,'2',8,80,'Pin 2',300.0000,0.0000),(148,'3',8,80,'Pin 1',200.0000,0.0000),(149,'3',8,81,'Pin 1',200.0000,0.0000),(150,'3',8,82,'Pin 2',200.0000,0.0000),(151,'4',8,82,'Pin 1',100.0000,0.0000),(152,'4',8,84,'Pin 1',100.0000,0.0000),(153,'4',8,85,'Pin 2',100.0000,0.0000),(154,'5',8,83,'Pin 1',100.0000,100.0000),(155,'5',8,84,'Pin 2',100.0000,100.0000),(156,'5',8,86,'Negativo',100.0000,100.0000),(157,'5',8,87,'Pin 2',100.0000,100.0000),(158,'6',8,85,'Pin 1',0.0000,100.0000),(159,'6',8,86,'Positivo',0.0000,100.0000),(160,'6',8,87,'Pin 1',0.0000,100.0000);
/*!40000 ALTER TABLE `nodo` ENABLE KEYS */;

--
-- Table structure for table `regulador_voltaje`
--

DROP TABLE IF EXISTS `regulador_voltaje`;
/*!40101 SET @saved_cs_client     = @@character_set_client */;
/*!50503 SET character_set_client = utf8mb4 */;
CREATE TABLE `regulador_voltaje` (
  `id` int NOT NULL AUTO_INCREMENT,
  `tipo` varchar(50) NOT NULL,
  `voltaje_salida` decimal(6,3) NOT NULL,
  `corriente_maxima` decimal(6,3) NOT NULL,
  `voltaje_entrada_min` decimal(6,3) NOT NULL,
  `voltaje_entrada_max` decimal(6,3) NOT NULL,
  `dropout_voltage` decimal(5,3) NOT NULL,
  `disipacion_maxima` decimal(8,3) DEFAULT NULL,
  `tolerancia` decimal(5,2) DEFAULT NULL,
  `componente_id` int NOT NULL,
  PRIMARY KEY (`id`),
  KEY `componente_id` (`componente_id`),
  CONSTRAINT `regulador_voltaje_ibfk_1` FOREIGN KEY (`componente_id`) REFERENCES `componente` (`id`) ON DELETE CASCADE
) ENGINE=InnoDB AUTO_INCREMENT=7 DEFAULT CHARSET=utf8mb4 COLLATE=utf8mb4_0900_ai_ci;
/*!40101 SET character_set_client = @saved_cs_client */;

--
-- Dumping data for table `regulador_voltaje`
--

/*!40000 ALTER TABLE `regulador_voltaje` DISABLE KEYS */;
INSERT INTO `regulador_voltaje` VALUES (1,'Lineal Fijo',5.000,1.500,7.000,35.000,2.000,15.000,4.00,1128),(2,'Lineal Fijo',12.000,1.500,14.500,35.000,2.000,15.000,4.00,1129),(3,'Lineal Fijo',-5.000,1.500,-7.000,-35.000,2.000,15.000,4.00,1130),(4,'Lineal Fijo',-12.000,1.500,-14.500,-35.000,2.000,15.000,4.00,1131),(5,'Lineal Ajustable',1.250,1.500,3.000,40.000,3.000,20.000,4.00,1132),(6,'Lineal Ajustable',-1.250,1.500,-3.000,-40.000,3.000,20.000,4.00,1133);
/*!40000 ALTER TABLE `regulador_voltaje` ENABLE KEYS */;

--
-- Table structure for table `resistencia`
--

DROP TABLE IF EXISTS `resistencia`;
/*!40101 SET @saved_cs_client     = @@character_set_client */;
/*!50503 SET character_set_client = utf8mb4 */;
CREATE TABLE `resistencia` (
  `id` int NOT NULL AUTO_INCREMENT,
  `banda_uno` varchar(20) NOT NULL,
  `banda_dos` varchar(20) NOT NULL,
  `banda_tres` varchar(20) NOT NULL,
  `banda_tolerancia` varchar(20) NOT NULL,
  `potencia_nominal` decimal(4,2) NOT NULL,
  `componente_id` int NOT NULL,
  PRIMARY KEY (`id`),
  KEY `componente_id` (`componente_id`),
  CONSTRAINT `resistencia_ibfk_1` FOREIGN KEY (`componente_id`) REFERENCES `componente` (`id`) ON DELETE CASCADE
) ENGINE=InnoDB AUTO_INCREMENT=769 DEFAULT CHARSET=utf8mb4 COLLATE=utf8mb4_0900_ai_ci;
/*!40101 SET character_set_client = @saved_cs_client */;

--
-- Dumping data for table `resistencia`
--

/*!40000 ALTER TABLE `resistencia` DISABLE KEYS */;
INSERT INTO `resistencia` VALUES (1,'Marrón','Negro','Plateado','Dorado',0.13,1),(2,'Marrón','Negro','Dorado','Dorado',0.13,2),(3,'Marrón','Negro','Negro','Dorado',0.13,3),(4,'Marrón','Negro','Marrón','Dorado',0.13,4),(5,'Marrón','Negro','Rojo','Dorado',0.13,5),(6,'Marrón','Negro','Naranja','Dorado',0.13,6),(7,'Marrón','Negro','Amarillo','Dorado',0.13,7),(8,'Marrón','Negro','Verde','Dorado',0.13,8),(9,'Marrón','Marrón','Plateado','Dorado',0.13,9),(10,'Marrón','Marrón','Dorado','Dorado',0.13,10),(11,'Marrón','Marrón','Negro','Dorado',0.13,11),(12,'Marrón','Marrón','Marrón','Dorado',0.13,12),(13,'Marrón','Marrón','Rojo','Dorado',0.13,13),(14,'Marrón','Marrón','Naranja','Dorado',0.13,14),(15,'Marrón','Marrón','Amarillo','Dorado',0.13,15),(16,'Marrón','Marrón','Verde','Dorado',0.13,16),(17,'Marrón','Rojo','Plateado','Dorado',0.13,17),(18,'Marrón','Rojo','Dorado','Dorado',0.13,18),(19,'Marrón','Rojo','Negro','Dorado',0.13,19),(20,'Marrón','Rojo','Marrón','Dorado',0.13,20),(21,'Marrón','Rojo','Rojo','Dorado',0.13,21),(22,'Marrón','Rojo','Naranja','Dorado',0.13,22),(23,'Marrón','Rojo','Amarillo','Dorado',0.13,23),(24,'Marrón','Rojo','Verde','Dorado',0.13,24),(25,'Marrón','Naranja','Plateado','Dorado',0.13,25),(26,'Marrón','Naranja','Dorado','Dorado',0.13,26),(27,'Marrón','Naranja','Negro','Dorado',0.13,27),(28,'Marrón','Naranja','Marrón','Dorado',0.13,28),(29,'Marrón','Naranja','Rojo','Dorado',0.13,29),(30,'Marrón','Naranja','Naranja','Dorado',0.13,30),(31,'Marrón','Naranja','Amarillo','Dorado',0.13,31),(32,'Marrón','Naranja','Verde','Dorado',0.13,32),(33,'Marrón','Verde','Plateado','Dorado',0.13,33),(34,'Marrón','Verde','Dorado','Dorado',0.13,34),(35,'Marrón','Verde','Negro','Dorado',0.13,35),(36,'Marrón','Verde','Marrón','Dorado',0.13,36),(37,'Marrón','Verde','Rojo','Dorado',0.13,37),(38,'Marrón','Verde','Naranja','Dorado',0.13,38),(39,'Marrón','Verde','Amarillo','Dorado',0.13,39),(40,'Marrón','Verde','Verde','Dorado',0.13,40),(41,'Marrón','Azul','Plateado','Dorado',0.13,41),(42,'Marrón','Azul','Dorado','Dorado',0.13,42),(43,'Marrón','Azul','Negro','Dorado',0.13,43),(44,'Marrón','Azul','Marrón','Dorado',0.13,44),(45,'Marrón','Azul','Rojo','Dorado',0.13,45),(46,'Marrón','Azul','Naranja','Dorado',0.13,46),(47,'Marrón','Azul','Amarillo','Dorado',0.13,47),(48,'Marrón','Azul','Verde','Dorado',0.13,48),(49,'Marrón','Gris','Plateado','Dorado',0.13,49),(50,'Marrón','Gris','Dorado','Dorado',0.13,50),(51,'Marrón','Gris','Negro','Dorado',0.13,51),(52,'Marrón','Gris','Marrón','Dorado',0.13,52),(53,'Marrón','Gris','Rojo','Dorado',0.13,53),(54,'Marrón','Gris','Naranja','Dorado',0.13,54),(55,'Marrón','Gris','Amarillo','Dorado',0.13,55),(56,'Marrón','Gris','Verde','Dorado',0.13,56),(57,'Rojo','Negro','Plateado','Dorado',0.13,57),(58,'Rojo','Negro','Dorado','Dorado',0.13,58),(59,'Rojo','Negro','Negro','Dorado',0.13,59),(60,'Rojo','Negro','Marrón','Dorado',0.13,60),(61,'Rojo','Negro','Rojo','Dorado',0.13,61),(62,'Rojo','Negro','Naranja','Dorado',0.13,62),(63,'Rojo','Negro','Amarillo','Dorado',0.13,63),(64,'Rojo','Negro','Verde','Dorado',0.13,64),(65,'Rojo','Rojo','Plateado','Dorado',0.13,65),(66,'Rojo','Rojo','Dorado','Dorado',0.13,66),(67,'Rojo','Rojo','Negro','Dorado',0.13,67),(68,'Rojo','Rojo','Marrón','Dorado',0.13,68),(69,'Rojo','Rojo','Rojo','Dorado',0.13,69),(70,'Rojo','Rojo','Naranja','Dorado',0.13,70),(71,'Rojo','Rojo','Amarillo','Dorado',0.13,71),(72,'Rojo','Rojo','Verde','Dorado',0.13,72),(73,'Rojo','Amarillo','Plateado','Dorado',0.13,73),(74,'Rojo','Amarillo','Dorado','Dorado',0.13,74),(75,'Rojo','Amarillo','Negro','Dorado',0.13,75),(76,'Rojo','Amarillo','Marrón','Dorado',0.13,76),(77,'Rojo','Amarillo','Rojo','Dorado',0.13,77),(78,'Rojo','Amarillo','Naranja','Dorado',0.13,78),(79,'Rojo','Amarillo','Amarillo','Dorado',0.13,79),(80,'Rojo','Amarillo','Verde','Dorado',0.13,80),(81,'Rojo','Morado','Plateado','Dorado',0.13,81),(82,'Rojo','Morado','Dorado','Dorado',0.13,82),(83,'Rojo','Morado','Negro','Dorado',0.13,83),(84,'Rojo','Morado','Marrón','Dorado',0.13,84),(85,'Rojo','Morado','Rojo','Dorado',0.13,85),(86,'Rojo','Morado','Naranja','Dorado',0.13,86),(87,'Rojo','Morado','Amarillo','Dorado',0.13,87),(88,'Rojo','Morado','Verde','Dorado',0.13,88),(89,'Naranja','Negro','Plateado','Dorado',0.13,89),(90,'Naranja','Negro','Dorado','Dorado',0.13,90),(91,'Naranja','Negro','Negro','Dorado',0.13,91),(92,'Naranja','Negro','Marrón','Dorado',0.13,92),(93,'Naranja','Negro','Rojo','Dorado',0.13,93),(94,'Naranja','Negro','Naranja','Dorado',0.13,94),(95,'Naranja','Negro','Amarillo','Dorado',0.13,95),(96,'Naranja','Negro','Verde','Dorado',0.13,96),(97,'Naranja','Naranja','Plateado','Dorado',0.13,97),(98,'Naranja','Naranja','Dorado','Dorado',0.13,98),(99,'Naranja','Naranja','Negro','Dorado',0.13,99),(100,'Naranja','Naranja','Marrón','Dorado',0.13,100),(101,'Naranja','Naranja','Rojo','Dorado',0.13,101),(102,'Naranja','Naranja','Naranja','Dorado',0.13,102),(103,'Naranja','Naranja','Amarillo','Dorado',0.13,103),(104,'Naranja','Naranja','Verde','Dorado',0.13,104),(105,'Naranja','Azul','Plateado','Dorado',0.13,105),(106,'Naranja','Azul','Dorado','Dorado',0.13,106),(107,'Naranja','Azul','Negro','Dorado',0.13,107),(108,'Naranja','Azul','Marrón','Dorado',0.13,108),(109,'Naranja','Azul','Rojo','Dorado',0.13,109),(110,'Naranja','Azul','Naranja','Dorado',0.13,110),(111,'Naranja','Azul','Amarillo','Dorado',0.13,111),(112,'Naranja','Azul','Verde','Dorado',0.13,112),(113,'Naranja','Blanco','Plateado','Dorado',0.13,113),(114,'Naranja','Blanco','Dorado','Dorado',0.13,114),(115,'Naranja','Blanco','Negro','Dorado',0.13,115),(116,'Naranja','Blanco','Marrón','Dorado',0.13,116),(117,'Naranja','Blanco','Rojo','Dorado',0.13,117),(118,'Naranja','Blanco','Naranja','Dorado',0.13,118),(119,'Naranja','Blanco','Amarillo','Dorado',0.13,119),(120,'Naranja','Blanco','Verde','Dorado',0.13,120),(121,'Amarillo','Naranja','Plateado','Dorado',0.13,121),(122,'Amarillo','Naranja','Dorado','Dorado',0.13,122),(123,'Amarillo','Naranja','Negro','Dorado',0.13,123),(124,'Amarillo','Naranja','Marrón','Dorado',0.13,124),(125,'Amarillo','Naranja','Rojo','Dorado',0.13,125),(126,'Amarillo','Naranja','Naranja','Dorado',0.13,126),(127,'Amarillo','Naranja','Amarillo','Dorado',0.13,127),(128,'Amarillo','Naranja','Verde','Dorado',0.13,128),(129,'Amarillo','Morado','Plateado','Dorado',0.13,129),(130,'Amarillo','Morado','Dorado','Dorado',0.13,130),(131,'Amarillo','Morado','Negro','Dorado',0.13,131),(132,'Amarillo','Morado','Marrón','Dorado',0.13,132),(133,'Amarillo','Morado','Rojo','Dorado',0.13,133),(134,'Amarillo','Morado','Naranja','Dorado',0.13,134),(135,'Amarillo','Morado','Amarillo','Dorado',0.13,135),(136,'Amarillo','Morado','Verde','Dorado',0.13,136),(137,'Verde','Marrón','Plateado','Dorado',0.13,137),(138,'Verde','Marrón','Dorado','Dorado',0.13,138),(139,'Verde','Marrón','Negro','Dorado',0.13,139),(140,'Verde','Marrón','Marrón','Dorado',0.13,140),(141,'Verde','Marrón','Rojo','Dorado',0.13,141),(142,'Verde','Marrón','Naranja','Dorado',0.13,142),(143,'Verde','Marrón','Amarillo','Dorado',0.13,143),(144,'Verde','Marrón','Verde','Dorado',0.13,144),(145,'Verde','Azul','Plateado','Dorado',0.13,145),(146,'Verde','Azul','Dorado','Dorado',0.13,146),(147,'Verde','Azul','Negro','Dorado',0.13,147),(148,'Verde','Azul','Marrón','Dorado',0.13,148),(149,'Verde','Azul','Rojo','Dorado',0.13,149),(150,'Verde','Azul','Naranja','Dorado',0.13,150),(151,'Verde','Azul','Amarillo','Dorado',0.13,151),(152,'Verde','Azul','Verde','Dorado',0.13,152),(153,'Azul','Rojo','Plateado','Dorado',0.13,153),(154,'Azul','Rojo','Dorado','Dorado',0.13,154),(155,'Azul','Rojo','Negro','Dorado',0.13,155),(156,'Azul','Rojo','Marrón','Dorado',0.13,156),(157,'Azul','Rojo','Rojo','Dorado',0.13,157),(158,'Azul','Rojo','Naranja','Dorado',0.13,158),(159,'Azul','Rojo','Amarillo','Dorado',0.13,159),(160,'Azul','Rojo','Verde','Dorado',0.13,160),(161,'Azul','Gris','Plateado','Dorado',0.13,161),(162,'Azul','Gris','Dorado','Dorado',0.13,162),(163,'Azul','Gris','Negro','Dorado',0.13,163),(164,'Azul','Gris','Marrón','Dorado',0.13,164),(165,'Azul','Gris','Rojo','Dorado',0.13,165),(166,'Azul','Gris','Naranja','Dorado',0.13,166),(167,'Azul','Gris','Amarillo','Dorado',0.13,167),(168,'Azul','Gris','Verde','Dorado',0.13,168),(169,'Morado','Verde','Plateado','Dorado',0.13,169),(170,'Morado','Verde','Dorado','Dorado',0.13,170),(171,'Morado','Verde','Negro','Dorado',0.13,171),(172,'Morado','Verde','Marrón','Dorado',0.13,172),(173,'Morado','Verde','Rojo','Dorado',0.13,173),(174,'Morado','Verde','Naranja','Dorado',0.13,174),(175,'Morado','Verde','Amarillo','Dorado',0.13,175),(176,'Morado','Verde','Verde','Dorado',0.13,176),(177,'Gris','Rojo','Plateado','Dorado',0.13,177),(178,'Gris','Rojo','Dorado','Dorado',0.13,178),(179,'Gris','Rojo','Negro','Dorado',0.13,179),(180,'Gris','Rojo','Marrón','Dorado',0.13,180),(181,'Gris','Rojo','Rojo','Dorado',0.13,181),(182,'Gris','Rojo','Naranja','Dorado',0.13,182),(183,'Gris','Rojo','Amarillo','Dorado',0.13,183),(184,'Gris','Rojo','Verde','Dorado',0.13,184),(185,'Blanco','Marrón','Plateado','Dorado',0.13,185),(186,'Blanco','Marrón','Dorado','Dorado',0.13,186),(187,'Blanco','Marrón','Negro','Dorado',0.13,187),(188,'Blanco','Marrón','Marrón','Dorado',0.13,188),(189,'Blanco','Marrón','Rojo','Dorado',0.13,189),(190,'Blanco','Marrón','Naranja','Dorado',0.13,190),(191,'Blanco','Marrón','Amarillo','Dorado',0.13,191),(192,'Blanco','Marrón','Verde','Dorado',0.13,192),(193,'Marrón','Negro','Plateado','Dorado',0.25,193),(194,'Marrón','Negro','Dorado','Dorado',0.25,194),(195,'Marrón','Negro','Negro','Dorado',0.25,195),(196,'Marrón','Negro','Marrón','Dorado',0.25,196),(197,'Marrón','Negro','Rojo','Dorado',0.25,197),(198,'Marrón','Negro','Naranja','Dorado',0.25,198),(199,'Marrón','Negro','Amarillo','Dorado',0.25,199),(200,'Marrón','Negro','Verde','Dorado',0.25,200),(201,'Marrón','Marrón','Plateado','Dorado',0.25,201),(202,'Marrón','Marrón','Dorado','Dorado',0.25,202),(203,'Marrón','Marrón','Negro','Dorado',0.25,203),(204,'Marrón','Marrón','Marrón','Dorado',0.25,204),(205,'Marrón','Marrón','Rojo','Dorado',0.25,205),(206,'Marrón','Marrón','Naranja','Dorado',0.25,206),(207,'Marrón','Marrón','Amarillo','Dorado',0.25,207),(208,'Marrón','Marrón','Verde','Dorado',0.25,208),(209,'Marrón','Rojo','Plateado','Dorado',0.25,209),(210,'Marrón','Rojo','Dorado','Dorado',0.25,210),(211,'Marrón','Rojo','Negro','Dorado',0.25,211),(212,'Marrón','Rojo','Marrón','Dorado',0.25,212),(213,'Marrón','Rojo','Rojo','Dorado',0.25,213),(214,'Marrón','Rojo','Naranja','Dorado',0.25,214),(215,'Marrón','Rojo','Amarillo','Dorado',0.25,215),(216,'Marrón','Rojo','Verde','Dorado',0.25,216),(217,'Marrón','Naranja','Plateado','Dorado',0.25,217),(218,'Marrón','Naranja','Dorado','Dorado',0.25,218),(219,'Marrón','Naranja','Negro','Dorado',0.25,219),(220,'Marrón','Naranja','Marrón','Dorado',0.25,220),(221,'Marrón','Naranja','Rojo','Dorado',0.25,221),(222,'Marrón','Naranja','Naranja','Dorado',0.25,222),(223,'Marrón','Naranja','Amarillo','Dorado',0.25,223),(224,'Marrón','Naranja','Verde','Dorado',0.25,224),(225,'Marrón','Verde','Plateado','Dorado',0.25,225),(226,'Marrón','Verde','Dorado','Dorado',0.25,226),(227,'Marrón','Verde','Negro','Dorado',0.25,227),(228,'Marrón','Verde','Marrón','Dorado',0.25,228),(229,'Marrón','Verde','Rojo','Dorado',0.25,229),(230,'Marrón','Verde','Naranja','Dorado',0.25,230),(231,'Marrón','Verde','Amarillo','Dorado',0.25,231),(232,'Marrón','Verde','Verde','Dorado',0.25,232),(233,'Marrón','Azul','Plateado','Dorado',0.25,233),(234,'Marrón','Azul','Dorado','Dorado',0.25,234),(235,'Marrón','Azul','Negro','Dorado',0.25,235),(236,'Marrón','Azul','Marrón','Dorado',0.25,236),(237,'Marrón','Azul','Rojo','Dorado',0.25,237),(238,'Marrón','Azul','Naranja','Dorado',0.25,238),(239,'Marrón','Azul','Amarillo','Dorado',0.25,239),(240,'Marrón','Azul','Verde','Dorado',0.25,240),(241,'Marrón','Gris','Plateado','Dorado',0.25,241),(242,'Marrón','Gris','Dorado','Dorado',0.25,242),(243,'Marrón','Gris','Negro','Dorado',0.25,243),(244,'Marrón','Gris','Marrón','Dorado',0.25,244),(245,'Marrón','Gris','Rojo','Dorado',0.25,245),(246,'Marrón','Gris','Naranja','Dorado',0.25,246),(247,'Marrón','Gris','Amarillo','Dorado',0.25,247),(248,'Marrón','Gris','Verde','Dorado',0.25,248),(249,'Rojo','Negro','Plateado','Dorado',0.25,249),(250,'Rojo','Negro','Dorado','Dorado',0.25,250),(251,'Rojo','Negro','Negro','Dorado',0.25,251),(252,'Rojo','Negro','Marrón','Dorado',0.25,252),(253,'Rojo','Negro','Rojo','Dorado',0.25,253),(254,'Rojo','Negro','Naranja','Dorado',0.25,254),(255,'Rojo','Negro','Amarillo','Dorado',0.25,255),(256,'Rojo','Negro','Verde','Dorado',0.25,256),(257,'Rojo','Rojo','Plateado','Dorado',0.25,257),(258,'Rojo','Rojo','Dorado','Dorado',0.25,258),(259,'Rojo','Rojo','Negro','Dorado',0.25,259),(260,'Rojo','Rojo','Marrón','Dorado',0.25,260),(261,'Rojo','Rojo','Rojo','Dorado',0.25,261),(262,'Rojo','Rojo','Naranja','Dorado',0.25,262),(263,'Rojo','Rojo','Amarillo','Dorado',0.25,263),(264,'Rojo','Rojo','Verde','Dorado',0.25,264),(265,'Rojo','Amarillo','Plateado','Dorado',0.25,265),(266,'Rojo','Amarillo','Dorado','Dorado',0.25,266),(267,'Rojo','Amarillo','Negro','Dorado',0.25,267),(268,'Rojo','Amarillo','Marrón','Dorado',0.25,268),(269,'Rojo','Amarillo','Rojo','Dorado',0.25,269),(270,'Rojo','Amarillo','Naranja','Dorado',0.25,270),(271,'Rojo','Amarillo','Amarillo','Dorado',0.25,271),(272,'Rojo','Amarillo','Verde','Dorado',0.25,272),(273,'Rojo','Morado','Plateado','Dorado',0.25,273),(274,'Rojo','Morado','Dorado','Dorado',0.25,274),(275,'Rojo','Morado','Negro','Dorado',0.25,275),(276,'Rojo','Morado','Marrón','Dorado',0.25,276),(277,'Rojo','Morado','Rojo','Dorado',0.25,277),(278,'Rojo','Morado','Naranja','Dorado',0.25,278),(279,'Rojo','Morado','Amarillo','Dorado',0.25,279),(280,'Rojo','Morado','Verde','Dorado',0.25,280),(281,'Naranja','Negro','Plateado','Dorado',0.25,281),(282,'Naranja','Negro','Dorado','Dorado',0.25,282),(283,'Naranja','Negro','Negro','Dorado',0.25,283),(284,'Naranja','Negro','Marrón','Dorado',0.25,284),(285,'Naranja','Negro','Rojo','Dorado',0.25,285),(286,'Naranja','Negro','Naranja','Dorado',0.25,286),(287,'Naranja','Negro','Amarillo','Dorado',0.25,287),(288,'Naranja','Negro','Verde','Dorado',0.25,288),(289,'Naranja','Naranja','Plateado','Dorado',0.25,289),(290,'Naranja','Naranja','Dorado','Dorado',0.25,290),(291,'Naranja','Naranja','Negro','Dorado',0.25,291),(292,'Naranja','Naranja','Marrón','Dorado',0.25,292),(293,'Naranja','Naranja','Rojo','Dorado',0.25,293),(294,'Naranja','Naranja','Naranja','Dorado',0.25,294),(295,'Naranja','Naranja','Amarillo','Dorado',0.25,295),(296,'Naranja','Naranja','Verde','Dorado',0.25,296),(297,'Naranja','Azul','Plateado','Dorado',0.25,297),(298,'Naranja','Azul','Dorado','Dorado',0.25,298),(299,'Naranja','Azul','Negro','Dorado',0.25,299),(300,'Naranja','Azul','Marrón','Dorado',0.25,300),(301,'Naranja','Azul','Rojo','Dorado',0.25,301),(302,'Naranja','Azul','Naranja','Dorado',0.25,302),(303,'Naranja','Azul','Amarillo','Dorado',0.25,303),(304,'Naranja','Azul','Verde','Dorado',0.25,304),(305,'Naranja','Blanco','Plateado','Dorado',0.25,305),(306,'Naranja','Blanco','Dorado','Dorado',0.25,306),(307,'Naranja','Blanco','Negro','Dorado',0.25,307),(308,'Naranja','Blanco','Marrón','Dorado',0.25,308),(309,'Naranja','Blanco','Rojo','Dorado',0.25,309),(310,'Naranja','Blanco','Naranja','Dorado',0.25,310),(311,'Naranja','Blanco','Amarillo','Dorado',0.25,311),(312,'Naranja','Blanco','Verde','Dorado',0.25,312),(313,'Amarillo','Naranja','Plateado','Dorado',0.25,313),(314,'Amarillo','Naranja','Dorado','Dorado',0.25,314),(315,'Amarillo','Naranja','Negro','Dorado',0.25,315),(316,'Amarillo','Naranja','Marrón','Dorado',0.25,316),(317,'Amarillo','Naranja','Rojo','Dorado',0.25,317),(318,'Amarillo','Naranja','Naranja','Dorado',0.25,318),(319,'Amarillo','Naranja','Amarillo','Dorado',0.25,319),(320,'Amarillo','Naranja','Verde','Dorado',0.25,320),(321,'Amarillo','Morado','Plateado','Dorado',0.25,321),(322,'Amarillo','Morado','Dorado','Dorado',0.25,322),(323,'Amarillo','Morado','Negro','Dorado',0.25,323),(324,'Amarillo','Morado','Marrón','Dorado',0.25,324),(325,'Amarillo','Morado','Rojo','Dorado',0.25,325),(326,'Amarillo','Morado','Naranja','Dorado',0.25,326),(327,'Amarillo','Morado','Amarillo','Dorado',0.25,327),(328,'Amarillo','Morado','Verde','Dorado',0.25,328),(329,'Verde','Marrón','Plateado','Dorado',0.25,329),(330,'Verde','Marrón','Dorado','Dorado',0.25,330),(331,'Verde','Marrón','Negro','Dorado',0.25,331),(332,'Verde','Marrón','Marrón','Dorado',0.25,332),(333,'Verde','Marrón','Rojo','Dorado',0.25,333),(334,'Verde','Marrón','Naranja','Dorado',0.25,334),(335,'Verde','Marrón','Amarillo','Dorado',0.25,335),(336,'Verde','Marrón','Verde','Dorado',0.25,336),(337,'Verde','Azul','Plateado','Dorado',0.25,337),(338,'Verde','Azul','Dorado','Dorado',0.25,338),(339,'Verde','Azul','Negro','Dorado',0.25,339),(340,'Verde','Azul','Marrón','Dorado',0.25,340),(341,'Verde','Azul','Rojo','Dorado',0.25,341),(342,'Verde','Azul','Naranja','Dorado',0.25,342),(343,'Verde','Azul','Amarillo','Dorado',0.25,343),(344,'Verde','Azul','Verde','Dorado',0.25,344),(345,'Azul','Rojo','Plateado','Dorado',0.25,345),(346,'Azul','Rojo','Dorado','Dorado',0.25,346),(347,'Azul','Rojo','Negro','Dorado',0.25,347),(348,'Azul','Rojo','Marrón','Dorado',0.25,348),(349,'Azul','Rojo','Rojo','Dorado',0.25,349),(350,'Azul','Rojo','Naranja','Dorado',0.25,350),(351,'Azul','Rojo','Amarillo','Dorado',0.25,351),(352,'Azul','Rojo','Verde','Dorado',0.25,352),(353,'Azul','Gris','Plateado','Dorado',0.25,353),(354,'Azul','Gris','Dorado','Dorado',0.25,354),(355,'Azul','Gris','Negro','Dorado',0.25,355),(356,'Azul','Gris','Marrón','Dorado',0.25,356),(357,'Azul','Gris','Rojo','Dorado',0.25,357),(358,'Azul','Gris','Naranja','Dorado',0.25,358),(359,'Azul','Gris','Amarillo','Dorado',0.25,359),(360,'Azul','Gris','Verde','Dorado',0.25,360),(361,'Morado','Verde','Plateado','Dorado',0.25,361),(362,'Morado','Verde','Dorado','Dorado',0.25,362),(363,'Morado','Verde','Negro','Dorado',0.25,363),(364,'Morado','Verde','Marrón','Dorado',0.25,364),(365,'Morado','Verde','Rojo','Dorado',0.25,365),(366,'Morado','Verde','Naranja','Dorado',0.25,366),(367,'Morado','Verde','Amarillo','Dorado',0.25,367),(368,'Morado','Verde','Verde','Dorado',0.25,368),(369,'Gris','Rojo','Plateado','Dorado',0.25,369),(370,'Gris','Rojo','Dorado','Dorado',0.25,370),(371,'Gris','Rojo','Negro','Dorado',0.25,371),(372,'Gris','Rojo','Marrón','Dorado',0.25,372),(373,'Gris','Rojo','Rojo','Dorado',0.25,373),(374,'Gris','Rojo','Naranja','Dorado',0.25,374),(375,'Gris','Rojo','Amarillo','Dorado',0.25,375),(376,'Gris','Rojo','Verde','Dorado',0.25,376),(377,'Blanco','Marrón','Plateado','Dorado',0.25,377),(378,'Blanco','Marrón','Dorado','Dorado',0.25,378),(379,'Blanco','Marrón','Negro','Dorado',0.25,379),(380,'Blanco','Marrón','Marrón','Dorado',0.25,380),(381,'Blanco','Marrón','Rojo','Dorado',0.25,381),(382,'Blanco','Marrón','Naranja','Dorado',0.25,382),(383,'Blanco','Marrón','Amarillo','Dorado',0.25,383),(384,'Blanco','Marrón','Verde','Dorado',0.25,384),(385,'Marrón','Negro','Plateado','Dorado',0.50,385),(386,'Marrón','Negro','Dorado','Dorado',0.50,386),(387,'Marrón','Negro','Negro','Dorado',0.50,387),(388,'Marrón','Negro','Marrón','Dorado',0.50,388),(389,'Marrón','Negro','Rojo','Dorado',0.50,389),(390,'Marrón','Negro','Naranja','Dorado',0.50,390),(391,'Marrón','Negro','Amarillo','Dorado',0.50,391),(392,'Marrón','Negro','Verde','Dorado',0.50,392),(393,'Marrón','Marrón','Plateado','Dorado',0.50,393),(394,'Marrón','Marrón','Dorado','Dorado',0.50,394),(395,'Marrón','Marrón','Negro','Dorado',0.50,395),(396,'Marrón','Marrón','Marrón','Dorado',0.50,396),(397,'Marrón','Marrón','Rojo','Dorado',0.50,397),(398,'Marrón','Marrón','Naranja','Dorado',0.50,398),(399,'Marrón','Marrón','Amarillo','Dorado',0.50,399),(400,'Marrón','Marrón','Verde','Dorado',0.50,400),(401,'Marrón','Rojo','Plateado','Dorado',0.50,401),(402,'Marrón','Rojo','Dorado','Dorado',0.50,402),(403,'Marrón','Rojo','Negro','Dorado',0.50,403),(404,'Marrón','Rojo','Marrón','Dorado',0.50,404),(405,'Marrón','Rojo','Rojo','Dorado',0.50,405),(406,'Marrón','Rojo','Naranja','Dorado',0.50,406),(407,'Marrón','Rojo','Amarillo','Dorado',0.50,407),(408,'Marrón','Rojo','Verde','Dorado',0.50,408),(409,'Marrón','Naranja','Plateado','Dorado',0.50,409),(410,'Marrón','Naranja','Dorado','Dorado',0.50,410),(411,'Marrón','Naranja','Negro','Dorado',0.50,411),(412,'Marrón','Naranja','Marrón','Dorado',0.50,412),(413,'Marrón','Naranja','Rojo','Dorado',0.50,413),(414,'Marrón','Naranja','Naranja','Dorado',0.50,414),(415,'Marrón','Naranja','Amarillo','Dorado',0.50,415),(416,'Marrón','Naranja','Verde','Dorado',0.50,416),(417,'Marrón','Verde','Plateado','Dorado',0.50,417),(418,'Marrón','Verde','Dorado','Dorado',0.50,418),(419,'Marrón','Verde','Negro','Dorado',0.50,419),(420,'Marrón','Verde','Marrón','Dorado',0.50,420),(421,'Marrón','Verde','Rojo','Dorado',0.50,421),(422,'Marrón','Verde','Naranja','Dorado',0.50,422),(423,'Marrón','Verde','Amarillo','Dorado',0.50,423),(424,'Marrón','Verde','Verde','Dorado',0.50,424),(425,'Marrón','Azul','Plateado','Dorado',0.50,425),(426,'Marrón','Azul','Dorado','Dorado',0.50,426),(427,'Marrón','Azul','Negro','Dorado',0.50,427),(428,'Marrón','Azul','Marrón','Dorado',0.50,428),(429,'Marrón','Azul','Rojo','Dorado',0.50,429),(430,'Marrón','Azul','Naranja','Dorado',0.50,430),(431,'Marrón','Azul','Amarillo','Dorado',0.50,431),(432,'Marrón','Azul','Verde','Dorado',0.50,432),(433,'Marrón','Gris','Plateado','Dorado',0.50,433),(434,'Marrón','Gris','Dorado','Dorado',0.50,434),(435,'Marrón','Gris','Negro','Dorado',0.50,435),(436,'Marrón','Gris','Marrón','Dorado',0.50,436),(437,'Marrón','Gris','Rojo','Dorado',0.50,437),(438,'Marrón','Gris','Naranja','Dorado',0.50,438),(439,'Marrón','Gris','Amarillo','Dorado',0.50,439),(440,'Marrón','Gris','Verde','Dorado',0.50,440),(441,'Rojo','Negro','Plateado','Dorado',0.50,441),(442,'Rojo','Negro','Dorado','Dorado',0.50,442),(443,'Rojo','Negro','Negro','Dorado',0.50,443),(444,'Rojo','Negro','Marrón','Dorado',0.50,444),(445,'Rojo','Negro','Rojo','Dorado',0.50,445),(446,'Rojo','Negro','Naranja','Dorado',0.50,446),(447,'Rojo','Negro','Amarillo','Dorado',0.50,447),(448,'Rojo','Negro','Verde','Dorado',0.50,448),(449,'Rojo','Rojo','Plateado','Dorado',0.50,449),(450,'Rojo','Rojo','Dorado','Dorado',0.50,450),(451,'Rojo','Rojo','Negro','Dorado',0.50,451),(452,'Rojo','Rojo','Marrón','Dorado',0.50,452),(453,'Rojo','Rojo','Rojo','Dorado',0.50,453),(454,'Rojo','Rojo','Naranja','Dorado',0.50,454),(455,'Rojo','Rojo','Amarillo','Dorado',0.50,455),(456,'Rojo','Rojo','Verde','Dorado',0.50,456),(457,'Rojo','Amarillo','Plateado','Dorado',0.50,457),(458,'Rojo','Amarillo','Dorado','Dorado',0.50,458),(459,'Rojo','Amarillo','Negro','Dorado',0.50,459),(460,'Rojo','Amarillo','Marrón','Dorado',0.50,460),(461,'Rojo','Amarillo','Rojo','Dorado',0.50,461),(462,'Rojo','Amarillo','Naranja','Dorado',0.50,462),(463,'Rojo','Amarillo','Amarillo','Dorado',0.50,463),(464,'Rojo','Amarillo','Verde','Dorado',0.50,464),(465,'Rojo','Morado','Plateado','Dorado',0.50,465),(466,'Rojo','Morado','Dorado','Dorado',0.50,466),(467,'Rojo','Morado','Negro','Dorado',0.50,467),(468,'Rojo','Morado','Marrón','Dorado',0.50,468),(469,'Rojo','Morado','Rojo','Dorado',0.50,469),(470,'Rojo','Morado','Naranja','Dorado',0.50,470),(471,'Rojo','Morado','Amarillo','Dorado',0.50,471),(472,'Rojo','Morado','Verde','Dorado',0.50,472),(473,'Naranja','Negro','Plateado','Dorado',0.50,473),(474,'Naranja','Negro','Dorado','Dorado',0.50,474),(475,'Naranja','Negro','Negro','Dorado',0.50,475),(476,'Naranja','Negro','Marrón','Dorado',0.50,476),(477,'Naranja','Negro','Rojo','Dorado',0.50,477),(478,'Naranja','Negro','Naranja','Dorado',0.50,478),(479,'Naranja','Negro','Amarillo','Dorado',0.50,479),(480,'Naranja','Negro','Verde','Dorado',0.50,480),(481,'Naranja','Naranja','Plateado','Dorado',0.50,481),(482,'Naranja','Naranja','Dorado','Dorado',0.50,482),(483,'Naranja','Naranja','Negro','Dorado',0.50,483),(484,'Naranja','Naranja','Marrón','Dorado',0.50,484),(485,'Naranja','Naranja','Rojo','Dorado',0.50,485),(486,'Naranja','Naranja','Naranja','Dorado',0.50,486),(487,'Naranja','Naranja','Amarillo','Dorado',0.50,487),(488,'Naranja','Naranja','Verde','Dorado',0.50,488),(489,'Naranja','Azul','Plateado','Dorado',0.50,489),(490,'Naranja','Azul','Dorado','Dorado',0.50,490),(491,'Naranja','Azul','Negro','Dorado',0.50,491),(492,'Naranja','Azul','Marrón','Dorado',0.50,492),(493,'Naranja','Azul','Rojo','Dorado',0.50,493),(494,'Naranja','Azul','Naranja','Dorado',0.50,494),(495,'Naranja','Azul','Amarillo','Dorado',0.50,495),(496,'Naranja','Azul','Verde','Dorado',0.50,496),(497,'Naranja','Blanco','Plateado','Dorado',0.50,497),(498,'Naranja','Blanco','Dorado','Dorado',0.50,498),(499,'Naranja','Blanco','Negro','Dorado',0.50,499),(500,'Naranja','Blanco','Marrón','Dorado',0.50,500),(501,'Naranja','Blanco','Rojo','Dorado',0.50,501),(502,'Naranja','Blanco','Naranja','Dorado',0.50,502),(503,'Naranja','Blanco','Amarillo','Dorado',0.50,503),(504,'Naranja','Blanco','Verde','Dorado',0.50,504),(505,'Amarillo','Naranja','Plateado','Dorado',0.50,505),(506,'Amarillo','Naranja','Dorado','Dorado',0.50,506),(507,'Amarillo','Naranja','Negro','Dorado',0.50,507),(508,'Amarillo','Naranja','Marrón','Dorado',0.50,508),(509,'Amarillo','Naranja','Rojo','Dorado',0.50,509),(510,'Amarillo','Naranja','Naranja','Dorado',0.50,510),(511,'Amarillo','Naranja','Amarillo','Dorado',0.50,511),(512,'Amarillo','Naranja','Verde','Dorado',0.50,512),(513,'Amarillo','Morado','Plateado','Dorado',0.50,513),(514,'Amarillo','Morado','Dorado','Dorado',0.50,514),(515,'Amarillo','Morado','Negro','Dorado',0.50,515),(516,'Amarillo','Morado','Marrón','Dorado',0.50,516),(517,'Amarillo','Morado','Rojo','Dorado',0.50,517),(518,'Amarillo','Morado','Naranja','Dorado',0.50,518),(519,'Amarillo','Morado','Amarillo','Dorado',0.50,519),(520,'Amarillo','Morado','Verde','Dorado',0.50,520),(521,'Verde','Marrón','Plateado','Dorado',0.50,521),(522,'Verde','Marrón','Dorado','Dorado',0.50,522),(523,'Verde','Marrón','Negro','Dorado',0.50,523),(524,'Verde','Marrón','Marrón','Dorado',0.50,524),(525,'Verde','Marrón','Rojo','Dorado',0.50,525),(526,'Verde','Marrón','Naranja','Dorado',0.50,526),(527,'Verde','Marrón','Amarillo','Dorado',0.50,527),(528,'Verde','Marrón','Verde','Dorado',0.50,528),(529,'Verde','Azul','Plateado','Dorado',0.50,529),(530,'Verde','Azul','Dorado','Dorado',0.50,530),(531,'Verde','Azul','Negro','Dorado',0.50,531),(532,'Verde','Azul','Marrón','Dorado',0.50,532),(533,'Verde','Azul','Rojo','Dorado',0.50,533),(534,'Verde','Azul','Naranja','Dorado',0.50,534),(535,'Verde','Azul','Amarillo','Dorado',0.50,535),(536,'Verde','Azul','Verde','Dorado',0.50,536),(537,'Azul','Rojo','Plateado','Dorado',0.50,537),(538,'Azul','Rojo','Dorado','Dorado',0.50,538),(539,'Azul','Rojo','Negro','Dorado',0.50,539),(540,'Azul','Rojo','Marrón','Dorado',0.50,540),(541,'Azul','Rojo','Rojo','Dorado',0.50,541),(542,'Azul','Rojo','Naranja','Dorado',0.50,542),(543,'Azul','Rojo','Amarillo','Dorado',0.50,543),(544,'Azul','Rojo','Verde','Dorado',0.50,544),(545,'Azul','Gris','Plateado','Dorado',0.50,545),(546,'Azul','Gris','Dorado','Dorado',0.50,546),(547,'Azul','Gris','Negro','Dorado',0.50,547),(548,'Azul','Gris','Marrón','Dorado',0.50,548),(549,'Azul','Gris','Rojo','Dorado',0.50,549),(550,'Azul','Gris','Naranja','Dorado',0.50,550),(551,'Azul','Gris','Amarillo','Dorado',0.50,551),(552,'Azul','Gris','Verde','Dorado',0.50,552),(553,'Morado','Verde','Plateado','Dorado',0.50,553),(554,'Morado','Verde','Dorado','Dorado',0.50,554),(555,'Morado','Verde','Negro','Dorado',0.50,555),(556,'Morado','Verde','Marrón','Dorado',0.50,556),(557,'Morado','Verde','Rojo','Dorado',0.50,557),(558,'Morado','Verde','Naranja','Dorado',0.50,558),(559,'Morado','Verde','Amarillo','Dorado',0.50,559),(560,'Morado','Verde','Verde','Dorado',0.50,560),(561,'Gris','Rojo','Plateado','Dorado',0.50,561),(562,'Gris','Rojo','Dorado','Dorado',0.50,562),(563,'Gris','Rojo','Negro','Dorado',0.50,563),(564,'Gris','Rojo','Marrón','Dorado',0.50,564),(565,'Gris','Rojo','Rojo','Dorado',0.50,565),(566,'Gris','Rojo','Naranja','Dorado',0.50,566),(567,'Gris','Rojo','Amarillo','Dorado',0.50,567),(568,'Gris','Rojo','Verde','Dorado',0.50,568),(569,'Blanco','Marrón','Plateado','Dorado',0.50,569),(570,'Blanco','Marrón','Dorado','Dorado',0.50,570),(571,'Blanco','Marrón','Negro','Dorado',0.50,571),(572,'Blanco','Marrón','Marrón','Dorado',0.50,572),(573,'Blanco','Marrón','Rojo','Dorado',0.50,573),(574,'Blanco','Marrón','Naranja','Dorado',0.50,574),(575,'Blanco','Marrón','Amarillo','Dorado',0.50,575),(576,'Blanco','Marrón','Verde','Dorado',0.50,576),(577,'Marrón','Negro','Plateado','Dorado',1.00,577),(578,'Marrón','Negro','Dorado','Dorado',1.00,578),(579,'Marrón','Negro','Negro','Dorado',1.00,579),(580,'Marrón','Negro','Marrón','Dorado',1.00,580),(581,'Marrón','Negro','Rojo','Dorado',1.00,581),(582,'Marrón','Negro','Naranja','Dorado',1.00,582),(583,'Marrón','Negro','Amarillo','Dorado',1.00,583),(584,'Marrón','Negro','Verde','Dorado',1.00,584),(585,'Marrón','Marrón','Plateado','Dorado',1.00,585),(586,'Marrón','Marrón','Dorado','Dorado',1.00,586),(587,'Marrón','Marrón','Negro','Dorado',1.00,587),(588,'Marrón','Marrón','Marrón','Dorado',1.00,588),(589,'Marrón','Marrón','Rojo','Dorado',1.00,589),(590,'Marrón','Marrón','Naranja','Dorado',1.00,590),(591,'Marrón','Marrón','Amarillo','Dorado',1.00,591),(592,'Marrón','Marrón','Verde','Dorado',1.00,592),(593,'Marrón','Rojo','Plateado','Dorado',1.00,593),(594,'Marrón','Rojo','Dorado','Dorado',1.00,594),(595,'Marrón','Rojo','Negro','Dorado',1.00,595),(596,'Marrón','Rojo','Marrón','Dorado',1.00,596),(597,'Marrón','Rojo','Rojo','Dorado',1.00,597),(598,'Marrón','Rojo','Naranja','Dorado',1.00,598),(599,'Marrón','Rojo','Amarillo','Dorado',1.00,599),(600,'Marrón','Rojo','Verde','Dorado',1.00,600),(601,'Marrón','Naranja','Plateado','Dorado',1.00,601),(602,'Marrón','Naranja','Dorado','Dorado',1.00,602),(603,'Marrón','Naranja','Negro','Dorado',1.00,603),(604,'Marrón','Naranja','Marrón','Dorado',1.00,604),(605,'Marrón','Naranja','Rojo','Dorado',1.00,605),(606,'Marrón','Naranja','Naranja','Dorado',1.00,606),(607,'Marrón','Naranja','Amarillo','Dorado',1.00,607),(608,'Marrón','Naranja','Verde','Dorado',1.00,608),(609,'Marrón','Verde','Plateado','Dorado',1.00,609),(610,'Marrón','Verde','Dorado','Dorado',1.00,610),(611,'Marrón','Verde','Negro','Dorado',1.00,611),(612,'Marrón','Verde','Marrón','Dorado',1.00,612),(613,'Marrón','Verde','Rojo','Dorado',1.00,613),(614,'Marrón','Verde','Naranja','Dorado',1.00,614),(615,'Marrón','Verde','Amarillo','Dorado',1.00,615),(616,'Marrón','Verde','Verde','Dorado',1.00,616),(617,'Marrón','Azul','Plateado','Dorado',1.00,617),(618,'Marrón','Azul','Dorado','Dorado',1.00,618),(619,'Marrón','Azul','Negro','Dorado',1.00,619),(620,'Marrón','Azul','Marrón','Dorado',1.00,620),(621,'Marrón','Azul','Rojo','Dorado',1.00,621),(622,'Marrón','Azul','Naranja','Dorado',1.00,622),(623,'Marrón','Azul','Amarillo','Dorado',1.00,623),(624,'Marrón','Azul','Verde','Dorado',1.00,624),(625,'Marrón','Gris','Plateado','Dorado',1.00,625),(626,'Marrón','Gris','Dorado','Dorado',1.00,626),(627,'Marrón','Gris','Negro','Dorado',1.00,627),(628,'Marrón','Gris','Marrón','Dorado',1.00,628),(629,'Marrón','Gris','Rojo','Dorado',1.00,629),(630,'Marrón','Gris','Naranja','Dorado',1.00,630),(631,'Marrón','Gris','Amarillo','Dorado',1.00,631),(632,'Marrón','Gris','Verde','Dorado',1.00,632),(633,'Rojo','Negro','Plateado','Dorado',1.00,633),(634,'Rojo','Negro','Dorado','Dorado',1.00,634),(635,'Rojo','Negro','Negro','Dorado',1.00,635),(636,'Rojo','Negro','Marrón','Dorado',1.00,636),(637,'Rojo','Negro','Rojo','Dorado',1.00,637),(638,'Rojo','Negro','Naranja','Dorado',1.00,638),(639,'Rojo','Negro','Amarillo','Dorado',1.00,639),(640,'Rojo','Negro','Verde','Dorado',1.00,640),(641,'Rojo','Rojo','Plateado','Dorado',1.00,641),(642,'Rojo','Rojo','Dorado','Dorado',1.00,642),(643,'Rojo','Rojo','Negro','Dorado',1.00,643),(644,'Rojo','Rojo','Marrón','Dorado',1.00,644),(645,'Rojo','Rojo','Rojo','Dorado',1.00,645),(646,'Rojo','Rojo','Naranja','Dorado',1.00,646),(647,'Rojo','Rojo','Amarillo','Dorado',1.00,647),(648,'Rojo','Rojo','Verde','Dorado',1.00,648),(649,'Rojo','Amarillo','Plateado','Dorado',1.00,649),(650,'Rojo','Amarillo','Dorado','Dorado',1.00,650),(651,'Rojo','Amarillo','Negro','Dorado',1.00,651),(652,'Rojo','Amarillo','Marrón','Dorado',1.00,652),(653,'Rojo','Amarillo','Rojo','Dorado',1.00,653),(654,'Rojo','Amarillo','Naranja','Dorado',1.00,654),(655,'Rojo','Amarillo','Amarillo','Dorado',1.00,655),(656,'Rojo','Amarillo','Verde','Dorado',1.00,656),(657,'Rojo','Morado','Plateado','Dorado',1.00,657),(658,'Rojo','Morado','Dorado','Dorado',1.00,658),(659,'Rojo','Morado','Negro','Dorado',1.00,659),(660,'Rojo','Morado','Marrón','Dorado',1.00,660),(661,'Rojo','Morado','Rojo','Dorado',1.00,661),(662,'Rojo','Morado','Naranja','Dorado',1.00,662),(663,'Rojo','Morado','Amarillo','Dorado',1.00,663),(664,'Rojo','Morado','Verde','Dorado',1.00,664),(665,'Naranja','Negro','Plateado','Dorado',1.00,665),(666,'Naranja','Negro','Dorado','Dorado',1.00,666),(667,'Naranja','Negro','Negro','Dorado',1.00,667),(668,'Naranja','Negro','Marrón','Dorado',1.00,668),(669,'Naranja','Negro','Rojo','Dorado',1.00,669),(670,'Naranja','Negro','Naranja','Dorado',1.00,670),(671,'Naranja','Negro','Amarillo','Dorado',1.00,671),(672,'Naranja','Negro','Verde','Dorado',1.00,672),(673,'Naranja','Naranja','Plateado','Dorado',1.00,673),(674,'Naranja','Naranja','Dorado','Dorado',1.00,674),(675,'Naranja','Naranja','Negro','Dorado',1.00,675),(676,'Naranja','Naranja','Marrón','Dorado',1.00,676),(677,'Naranja','Naranja','Rojo','Dorado',1.00,677),(678,'Naranja','Naranja','Naranja','Dorado',1.00,678),(679,'Naranja','Naranja','Amarillo','Dorado',1.00,679),(680,'Naranja','Naranja','Verde','Dorado',1.00,680),(681,'Naranja','Azul','Plateado','Dorado',1.00,681),(682,'Naranja','Azul','Dorado','Dorado',1.00,682),(683,'Naranja','Azul','Negro','Dorado',1.00,683),(684,'Naranja','Azul','Marrón','Dorado',1.00,684),(685,'Naranja','Azul','Rojo','Dorado',1.00,685),(686,'Naranja','Azul','Naranja','Dorado',1.00,686),(687,'Naranja','Azul','Amarillo','Dorado',1.00,687),(688,'Naranja','Azul','Verde','Dorado',1.00,688),(689,'Naranja','Blanco','Plateado','Dorado',1.00,689),(690,'Naranja','Blanco','Dorado','Dorado',1.00,690),(691,'Naranja','Blanco','Negro','Dorado',1.00,691),(692,'Naranja','Blanco','Marrón','Dorado',1.00,692),(693,'Naranja','Blanco','Rojo','Dorado',1.00,693),(694,'Naranja','Blanco','Naranja','Dorado',1.00,694),(695,'Naranja','Blanco','Amarillo','Dorado',1.00,695),(696,'Naranja','Blanco','Verde','Dorado',1.00,696),(697,'Amarillo','Naranja','Plateado','Dorado',1.00,697),(698,'Amarillo','Naranja','Dorado','Dorado',1.00,698),(699,'Amarillo','Naranja','Negro','Dorado',1.00,699),(700,'Amarillo','Naranja','Marrón','Dorado',1.00,700),(701,'Amarillo','Naranja','Rojo','Dorado',1.00,701),(702,'Amarillo','Naranja','Naranja','Dorado',1.00,702),(703,'Amarillo','Naranja','Amarillo','Dorado',1.00,703),(704,'Amarillo','Naranja','Verde','Dorado',1.00,704),(705,'Amarillo','Morado','Plateado','Dorado',1.00,705),(706,'Amarillo','Morado','Dorado','Dorado',1.00,706),(707,'Amarillo','Morado','Negro','Dorado',1.00,707),(708,'Amarillo','Morado','Marrón','Dorado',1.00,708),(709,'Amarillo','Morado','Rojo','Dorado',1.00,709),(710,'Amarillo','Morado','Naranja','Dorado',1.00,710),(711,'Amarillo','Morado','Amarillo','Dorado',1.00,711),(712,'Amarillo','Morado','Verde','Dorado',1.00,712),(713,'Verde','Marrón','Plateado','Dorado',1.00,713),(714,'Verde','Marrón','Dorado','Dorado',1.00,714),(715,'Verde','Marrón','Negro','Dorado',1.00,715),(716,'Verde','Marrón','Marrón','Dorado',1.00,716),(717,'Verde','Marrón','Rojo','Dorado',1.00,717),(718,'Verde','Marrón','Naranja','Dorado',1.00,718),(719,'Verde','Marrón','Amarillo','Dorado',1.00,719),(720,'Verde','Marrón','Verde','Dorado',1.00,720),(721,'Verde','Azul','Plateado','Dorado',1.00,721),(722,'Verde','Azul','Dorado','Dorado',1.00,722),(723,'Verde','Azul','Negro','Dorado',1.00,723),(724,'Verde','Azul','Marrón','Dorado',1.00,724),(725,'Verde','Azul','Rojo','Dorado',1.00,725),(726,'Verde','Azul','Naranja','Dorado',1.00,726),(727,'Verde','Azul','Amarillo','Dorado',1.00,727),(728,'Verde','Azul','Verde','Dorado',1.00,728),(729,'Azul','Rojo','Plateado','Dorado',1.00,729),(730,'Azul','Rojo','Dorado','Dorado',1.00,730),(731,'Azul','Rojo','Negro','Dorado',1.00,731),(732,'Azul','Rojo','Marrón','Dorado',1.00,732),(733,'Azul','Rojo','Rojo','Dorado',1.00,733),(734,'Azul','Rojo','Naranja','Dorado',1.00,734),(735,'Azul','Rojo','Amarillo','Dorado',1.00,735),(736,'Azul','Rojo','Verde','Dorado',1.00,736),(737,'Azul','Gris','Plateado','Dorado',1.00,737),(738,'Azul','Gris','Dorado','Dorado',1.00,738),(739,'Azul','Gris','Negro','Dorado',1.00,739),(740,'Azul','Gris','Marrón','Dorado',1.00,740),(741,'Azul','Gris','Rojo','Dorado',1.00,741),(742,'Azul','Gris','Naranja','Dorado',1.00,742),(743,'Azul','Gris','Amarillo','Dorado',1.00,743),(744,'Azul','Gris','Verde','Dorado',1.00,744),(745,'Morado','Verde','Plateado','Dorado',1.00,745),(746,'Morado','Verde','Dorado','Dorado',1.00,746),(747,'Morado','Verde','Negro','Dorado',1.00,747),(748,'Morado','Verde','Marrón','Dorado',1.00,748),(749,'Morado','Verde','Rojo','Dorado',1.00,749),(750,'Morado','Verde','Naranja','Dorado',1.00,750),(751,'Morado','Verde','Amarillo','Dorado',1.00,751),(752,'Morado','Verde','Verde','Dorado',1.00,752),(753,'Gris','Rojo','Plateado','Dorado',1.00,753),(754,'Gris','Rojo','Dorado','Dorado',1.00,754),(755,'Gris','Rojo','Negro','Dorado',1.00,755),(756,'Gris','Rojo','Marrón','Dorado',1.00,756),(757,'Gris','Rojo','Rojo','Dorado',1.00,757),(758,'Gris','Rojo','Naranja','Dorado',1.00,758),(759,'Gris','Rojo','Amarillo','Dorado',1.00,759),(760,'Gris','Rojo','Verde','Dorado',1.00,760),(761,'Blanco','Marrón','Plateado','Dorado',1.00,761),(762,'Blanco','Marrón','Dorado','Dorado',1.00,762),(763,'Blanco','Marrón','Negro','Dorado',1.00,763),(764,'Blanco','Marrón','Marrón','Dorado',1.00,764),(765,'Blanco','Marrón','Rojo','Dorado',1.00,765),(766,'Blanco','Marrón','Naranja','Dorado',1.00,766),(767,'Blanco','Marrón','Amarillo','Dorado',1.00,767),(768,'Blanco','Marrón','Verde','Dorado',1.00,768);
/*!40000 ALTER TABLE `resistencia` ENABLE KEYS */;

--
-- Table structure for table `transistor_bjt`
--

DROP TABLE IF EXISTS `transistor_bjt`;
/*!40101 SET @saved_cs_client     = @@character_set_client */;
/*!50503 SET character_set_client = utf8mb4 */;
CREATE TABLE `transistor_bjt` (
  `id` int NOT NULL AUTO_INCREMENT,
  `tipo` varchar(20) NOT NULL,
  `configuracion` varchar(50) DEFAULT NULL,
  `beta` decimal(6,2) NOT NULL,
  `vbe_saturacion` decimal(5,3) NOT NULL,
  `vce_saturacion` decimal(5,3) NOT NULL,
  `corriente_colector_max` decimal(8,3) NOT NULL,
  `potencia_maxima` decimal(8,3) NOT NULL,
  `frecuencia_transicion` decimal(8,2) DEFAULT NULL,
  `modo_operacion` varchar(50) DEFAULT NULL,
  `componente_id` int NOT NULL,
  PRIMARY KEY (`id`),
  KEY `componente_id` (`componente_id`),
  CONSTRAINT `transistor_bjt_ibfk_1` FOREIGN KEY (`componente_id`) REFERENCES `componente` (`id`) ON DELETE CASCADE
) ENGINE=InnoDB AUTO_INCREMENT=9 DEFAULT CHARSET=utf8mb4 COLLATE=utf8mb4_0900_ai_ci;
/*!40101 SET character_set_client = @saved_cs_client */;

--
-- Dumping data for table `transistor_bjt`
--

/*!40000 ALTER TABLE `transistor_bjt` DISABLE KEYS */;
INSERT INTO `transistor_bjt` VALUES (1,'NPN','Uso General',100.00,0.600,0.300,0.800,0.500,300.00,'Amplificador/Interruptor',1115),(2,'NPN','Uso General',100.00,0.650,0.200,0.200,0.625,300.00,'Amplificador/Interruptor',1116),(3,'NPN','Audio/Señal',200.00,0.700,0.200,0.100,0.500,300.00,'Amplificador Lineal',1117),(4,'NPN','Carga Media',150.00,0.800,0.600,0.500,0.625,150.00,'Interruptor',1118),(5,'NPN','Potencia',15.00,1.500,1.500,6.000,65.000,3.00,'Potencia',1119),(6,'PNP','Uso General',100.00,0.650,0.250,0.200,0.625,250.00,'Amplificador/Interruptor',1120),(7,'PNP','Audio/Señal',200.00,0.700,0.200,0.100,0.500,150.00,'Amplificador Lineal',1121),(8,'PNP','Potencia',15.00,1.500,1.500,6.000,65.000,3.00,'Potencia',1122);
/*!40000 ALTER TABLE `transistor_bjt` ENABLE KEYS */;

--
-- Table structure for table `transistor_fet`
--

DROP TABLE IF EXISTS `transistor_fet`;
/*!40101 SET @saved_cs_client     = @@character_set_client */;
/*!50503 SET character_set_client = utf8mb4 */;
CREATE TABLE `transistor_fet` (
  `id` int NOT NULL AUTO_INCREMENT,
  `tipo` varchar(20) NOT NULL,
  `idss` decimal(8,3) DEFAULT NULL,
  `vp` decimal(6,3) DEFAULT NULL,
  `gm` decimal(8,3) DEFAULT NULL,
  `rd` decimal(10,3) DEFAULT NULL,
  `configuracion` varchar(50) DEFAULT NULL,
  `modo_operacion` varchar(50) DEFAULT NULL,
  `componente_id` int NOT NULL,
  PRIMARY KEY (`id`),
  KEY `componente_id` (`componente_id`),
  CONSTRAINT `transistor_fet_ibfk_1` FOREIGN KEY (`componente_id`) REFERENCES `componente` (`id`) ON DELETE CASCADE
) ENGINE=InnoDB AUTO_INCREMENT=6 DEFAULT CHARSET=utf8mb4 COLLATE=utf8mb4_0900_ai_ci;
/*!40101 SET character_set_client = @saved_cs_client */;

--
-- Dumping data for table `transistor_fet`
--

/*!40000 ALTER TABLE `transistor_fet` DISABLE KEYS */;
INSERT INTO `transistor_fet` VALUES (1,'JFET_N',0.003,-2.000,0.003,100000.000,'Señal','Amplificador Lineal',1123),(2,'JFET_P',0.005,2.000,0.004,100000.000,'Señal','Amplificador Lineal',1124),(3,'MOSFET_N',0.200,2.000,0.320,5.000,'Interruptor','Conmutación Rápida',1125),(4,'MOSFET_N',49.000,3.000,15.000,0.017,'Potencia','Control de Motores',1126),(5,'MOSFET_P',23.000,-3.000,9.300,0.117,'Potencia','Control de Motores',1127);
/*!40000 ALTER TABLE `transistor_fet` ENABLE KEYS */;

--
-- Table structure for table `unidad_medida`
--

DROP TABLE IF EXISTS `unidad_medida`;
/*!40101 SET @saved_cs_client     = @@character_set_client */;
/*!50503 SET character_set_client = utf8mb4 */;
CREATE TABLE `unidad_medida` (
  `id` int NOT NULL AUTO_INCREMENT,
  `nombre` varchar(50) NOT NULL,
  `valor_nominal` varchar(5) NOT NULL,
  `simbolo` varchar(5) NOT NULL,
  PRIMARY KEY (`id`)
) ENGINE=InnoDB AUTO_INCREMENT=7 DEFAULT CHARSET=utf8mb4 COLLATE=utf8mb4_0900_ai_ci;
/*!40101 SET character_set_client = @saved_cs_client */;

--
-- Dumping data for table `unidad_medida`
--

/*!40000 ALTER TABLE `unidad_medida` DISABLE KEYS */;
INSERT INTO `unidad_medida` VALUES (1,'Ohmio','1','Ω'),(2,'Faradio','1','F'),(3,'Henrio','1','H'),(4,'Voltio','1','V'),(5,'Amperio','1','A'),(6,'NO APLICA','0','N/A');
/*!40000 ALTER TABLE `unidad_medida` ENABLE KEYS */;

--
-- Dumping routines for database 'simucircuit_db'
--
/*!40103 SET TIME_ZONE=@OLD_TIME_ZONE */;

/*!40101 SET SQL_MODE=@OLD_SQL_MODE */;
/*!40014 SET FOREIGN_KEY_CHECKS=@OLD_FOREIGN_KEY_CHECKS */;
/*!40014 SET UNIQUE_CHECKS=@OLD_UNIQUE_CHECKS */;
/*!40101 SET CHARACTER_SET_CLIENT=@OLD_CHARACTER_SET_CLIENT */;
/*!40101 SET CHARACTER_SET_RESULTS=@OLD_CHARACTER_SET_RESULTS */;
/*!40101 SET COLLATION_CONNECTION=@OLD_COLLATION_CONNECTION */;
/*!40111 SET SQL_NOTES=@OLD_SQL_NOTES */;

-- Dump completed on 2026-04-14 22:14:30
